mapped_id,original_id,x,y,z
AAA,sp|A0A384E129|O16A_CONMB Omega-conotoxin MoVIA OS=Conus moncuri OX=2496636 PE=1 SV=2,10.42701,3.9391236,-0.14216915
AAB,sp|K8DWB5|CA1D_CONTE Alpha-conotoxin TxID (Fragment) OS=Conus textile OX=6494 PE=1 SV=1,7.5185766,7.011156,3.7414215
AAC,sp|P01521|CA1_CONMA Alpha-conotoxin MI OS=Conus magus OX=6492 PE=1 SV=1,4.0431285,8.03998,2.9415834
AAD,sp|P01522|O16A_CONGE Omega-conotoxin GVIA OS=Conus geographus OX=6491 PE=1 SV=2,10.372859,3.8593872,-0.48503676
AAE,sp|P01523|CM3A_CONGE Mu-conotoxin GIIIA OS=Conus geographus OX=6491 PE=1 SV=3,11.0521145,6.007624,3.6739674
AAF,sp|P05484|O17A_CONMA Omega-conotoxin MVIIA OS=Conus magus OX=6492 PE=1 SV=2,10.293994,4.2896285,-0.8221135
AAG,sp|P0C195|CM3A_CONKI Mu-conotoxin KIIIB (Fragment) OS=Conus kinoshitai OX=376876 PE=2 SV=2,4.081076,6.051149,2.2627842
AAH,sp|P0C1D0|CA1A_CONRE Alpha-conotoxin RgIA (Fragment) OS=Conus regius OX=101314 PE=1 SV=1,7.206949,7.0054045,3.0308049
AAI,sp|P0C1R7|CA1A_CONOM Alpha-conotoxin OmIA OS=Conus omaria OX=89429 PE=1 SV=1,5.026792,7.511807,2.441802
AAJ,sp|P0C1V7|CA1B_CONAN Alpha-conotoxin AnIB OS=Conus anemone OX=101285 PE=1 SV=1,4.852965,8.064502,3.0283282
AAK,sp|P0C1W5|CDKA_CONVX Alpha-conotoxin VxXXA OS=Conus vexillum OX=89431 PE=1 SV=2,7.301884,3.3372931,5.1458755
AAL,sp|P0C1W6|CDKB_CONVX Alpha-conotoxin VxXXB OS=Conus vexillum OX=89431 PE=1 SV=3,7.907095,3.7695796,4.5497174
AAM,sp|P0C248|COW_CONAA Contryphan-Am OS=Conus amadis OX=198732 PE=1 SV=2,11.020112,5.874348,5.2804337
AAN,sp|P0C349|CM3C_CONST Mu-conotoxin SIIIC OS=Conus striatus OX=6493 PE=1 SV=1,3.6749568,6.079124,2.9991002
AAO,sp|P0C350|CM3A_CONTU Mu-conotoxin TIIIA OS=Conus tulipa OX=6495 PE=1 SV=1,3.6666076,6.098248,2.826656
AAP,sp|P0C828|CA4A_CONST Kappa-conotoxin SIVA OS=Conus striatus OX=6493 PE=1 SV=1,8.283156,4.6092496,6.739513
AAQ,sp|P0CH24|CA1_CONAH Conopeptide-Ac1 (Fragment) OS=Conus achatinus OX=369967 PE=1 SV=1,8.983654,6.9793406,3.913459
AAR,sp|P0CY66|O168_CONBU Omega-conotoxin Bu8 (Fragment) OS=Conus bullatus OX=89438 PE=1 SV=1,10.0087185,3.7827587,-1.0010318
AAS,sp|P0DL39|CA1A_CONAV Alpha-conotoxin AusIA OS=Conus australis OX=1519798 PE=1 SV=1,4.335416,8.257804,2.7279203
AAT,sp|P0DL68|CA1A_CONLM Alpha-conotoxin LsIA OS=Conus limpusi OX=1967283 PE=1 SV=1,4.6526804,7.7159915,2.4005015
AAU,sp|P0DM15|CO6A_CONMF MuO-conotoxin MfVIA OS=Conus magnificus OX=257332 PE=1 SV=1,-0.3918284,0.72483575,-0.044776164
AAV,sp|P0DM21|CA1A_CONTE Alpha-conotoxin TxIA OS=Conus textile OX=6494 PE=1 SV=1,9.352184,6.3297434,5.1486487
AAW,sp|P28880|O16A_CONST Omega-conotoxin SVIA OS=Conus striatus OX=6493 PE=1 SV=2,10.490174,3.7028203,-0.5657433
AAX,sp|P50982|CA1A_CONER Alpha-conotoxin EI OS=Conus ermineus OX=55423 PE=1 SV=2,9.514046,6.5120745,4.81861
AAY,sp|P50983|CA1_CONIM Alpha-conotoxin ImI (Fragment) OS=Conus imperialis OX=35631 PE=1 SV=2,3.458275,7.6461344,2.7249937
AAZ,sp|P56633|O17A_CONPU Kappa-conotoxin PVIIA OS=Conus purpurascens OX=41690 PE=1 SV=2,10.509452,4.024839,-0.7996318
ABA,sp|P56636|CA12_CONMA Alpha-conotoxin MII OS=Conus magus OX=6492 PE=1 SV=3,10.107986,5.4449053,5.165816
ABB,sp|P56638|CA1A_CONEP Alpha-conotoxin EpI OS=Conus episcopatus OX=88764 PE=1 SV=2,9.355926,6.4791794,5.0974236
ABC,sp|P58808|CTA1A_CONMR Chi-conotoxin MrIA OS=Conus marmoreus OX=42752 PE=1 SV=1,11.836738,11.323937,5.928043
ABD,sp|P58811|CA1A_CONTU Rho-conotoxin TIA OS=Conus tulipa OX=6495 PE=1 SV=2,9.481302,6.273755,4.721395
ABE,sp|P58913|O16A_CONPU Delta-conotoxin PVIA OS=Conus purpurascens OX=41690 PE=1 SV=1,10.252422,1.2311593,1.1074785
ABF,sp|P58920|O16D_CONCT Omega-conotoxin CVID OS=Conus catus OX=101291 PE=1 SV=1,10.031959,3.8211265,-0.56702334
ABG,sp|P60274|CA1D_CONGE Alpha-conotoxin GID OS=Conus geographus OX=6491 PE=1 SV=2,9.422376,5.594784,4.759169
ABH,sp|P60513|U6A_CONER Delta-conotoxin EVIA OS=Conus ermineus OX=55423 PE=1 SV=1,-0.039172024,0.7935729,-0.43489143
ABI,sp|P69657|CA1A_CONBU Alpha-conotoxin BuIA OS=Conus bullatus OX=89438 PE=1 SV=1,10.2388115,5.5870996,5.3271065
ABJ,sp|P69747|CA1A_CONVC Alpha-conotoxin Vc1a OS=Conus victoriae OX=319920 PE=1 SV=1,8.631967,5.046848,6.9018826
ABK,sp|P81755|CT5AS_CONTE Epsilon-conotoxin TxVA OS=Conus textile OX=6494 PE=1 SV=2,10.79474,10.61205,5.9129868
ABL,sp|P84845|CT5A_CONSP Conotoxin sr5a OS=Conus spurius OX=192919 PE=1 SV=2,11.78861,11.85575,6.086966
ABM,sp|P85013|CA12A_CONRE Alpha-conotoxin RegIIA OS=Conus regius OX=101314 PE=1 SV=2,8.600158,4.9173365,7.1599193
ABN,sp|P85886|CA1AB_CONSP Alpha-conotoxin SrIA/SrIB OS=Conus spurius OX=192919 PE=1 SV=1,8.992365,5.2547956,6.461723
ABO,sp|Q02294|CAC1B_RAT Voltage-dependent N-type calcium channel subunit alpha-1B OS=Rattus norvegicus OX=10116 GN=Cacna1b PE=1 SV=1,11.436829,10.875325,6.5619555
ABP,sp|Q1L777|CA1A_CONPR Alpha-conotoxin PeIA (Fragment) OS=Conus pergrandis OX=330676 PE=3 SV=1,7.0179977,7.278362,3.1374974
ABQ,sp|Q86DU6|CM3A_CONST Mu-conotoxin SIIIA OS=Conus striatus OX=6493 PE=1 SV=1,11.480162,5.8174148,3.0900228
ABR,sp|Q9BPG6|CT5AP_CONTE Epsilon-conotoxin TxVA OS=Conus textile OX=6494 PE=1 SV=1,10.99668,10.446946,6.1433234
ABS,sp|Q9U655|O16K0_CONTE Delta-conotoxin TxVIA OS=Conus textile OX=6494 PE=1 SV=1,10.894707,0.9204566,0.22491786
ABT,sp|X5I9Y2|CA1_CONGE Alpha-conotoxin GI OS=Conus geographus OX=6491 PE=1 SV=1,10.54561,5.3839817,5.787206
ABU,sp|X5IWS1|O17J_CONGE Mu-conotoxin GVIIJ OS=Conus geographus OX=6491 PE=1 SV=2,10.229046,3.3280725,0.3877479
ABV,sp|A0A068B0Z6|CA13B_CONLT Alpha-conotoxin Lt1.3 b (Fragment) OS=Conus litteratus OX=89445 PE=1 SV=1,8.21733,6.643568,3.237731
ABW,sp|A0A0A0VBX4|CDKA_CONGR Alpha-conotoxin GeXXA OS=Conus generalis OX=101304 PE=1 SV=2,7.8651347,4.0492415,4.3131104
ABX,sp|A0A2I6EDN5|CM3A_CONRE Conotoxin reg3a OS=Conus regius OX=101314 PE=1 SV=1,10.866627,6.3940873,3.4866502
ABY,sp|A0A2L2P6T1|O261_CONAA Conotoxin Am6.1 OS=Conus amadis OX=198732 PE=1 SV=1,9.318856,2.7564173,0.9647191
ABZ,sp|A0A2L2P6T9|O162_CONAA Omega-conotoxin-like Am6.2 OS=Conus amadis OX=198732 PE=1 SV=1,10.868814,1.0833956,1.7152396
ACA,sp|A0A3G3C7U9|CM34_CONAA Mu-conotoxin-like Am3.4 OS=Conus amadis OX=198732 PE=1 SV=1,11.087521,6.361204,3.1711748
ACB,sp|A0A7M4DUE8|CM3C_CONSR Mu-conotoxin SxIIIC OS=Conus striolatus OX=101315 PE=1 SV=2,4.2317934,6.186466,2.3392434
ACC,sp|A1X8D8|CA12_CONPL Alpha-conotoxin-like Pu1.2 (Fragment) OS=Conus pulicarius OX=93154 PE=1 SV=1,8.86985,6.597412,3.7165058
ACD,sp|A6YR20|COC1A_CONCL Mu-conotoxin cal12a OS=Californiconus californicus OX=1736779 PE=1 SV=1,8.935469,4.8223457,2.6744528
ACE,sp|A6YR21|COC1B_CONCL Mu-conotoxin cal12b OS=Californiconus californicus OX=1736779 PE=1 SV=1,8.897948,4.826965,2.6232796
ACF,sp|C0HKF6|CA2B_CONER Alpha-conotoxin EIIB OS=Conus ermineus OX=55423 PE=1 SV=2,10.142775,5.611649,5.460122
ACG,sp|C0HLM2|CA1C_CONPU Alpha-conotoxin PIC OS=Conus purpurascens OX=41690 PE=1 SV=1,4.2378864,7.733036,3.3365753
ACH,sp|C1J5M6|CM3B_CONBU Mu-conotoxin BuIIIB OS=Conus bullatus OX=89438 PE=1 SV=1,11.289169,5.939683,3.403896
ACI,sp|C4PWC4|CXAT1_CONMI Alpha-conotoxin-like Ml20.1 OS=Conus miles OX=69564 PE=1 SV=1,7.670239,3.5359542,4.951756
ACJ,sp|F5C0A0|CA1A_CONVR Alpha-conotoxin ViIA OS=Conus virgo OX=89427 PE=1 SV=1,8.240251,5.1941657,6.541265
ACK,sp|F5C3U4|CA18_CONMR Alpha-conotoxin Mr1.7a OS=Conus marmoreus OX=42752 PE=1 SV=1,9.04687,5.8213916,5.189634
ACL,sp|I1SB07|GM3C_CONCN Mu-conotoxin CnIIIC OS=Conus consors OX=101297 PE=1 SV=2,4.399126,6.5270495,2.242304
ACM,sp|J7GY56|CO1EA_CONGR Alpha-conotoxin GeXIVA OS=Conus generalis OX=101304 PE=1 SV=2,9.957971,4.6167307,0.90995383
ACN,sp|K4RNX9|CA1B_CONTE Alpha-conotoxin TxIB (Fragment) OS=Conus textile OX=6494 PE=3 SV=1,6.9909163,7.2003417,2.7931998
ACO,sp|P0C1N1|M3D_CONMR Conotoxin mr3d OS=Conus marmoreus OX=42752 PE=1 SV=1,11.304289,6.558822,2.9856615
ACP,sp|P0C1N5|M3G_CONMR Conotoxin mr3g OS=Conus marmoreus OX=42752 PE=1 SV=1,10.923519,6.999445,2.9765365
ACQ,sp|P0C1N6|CM3H_CONTE Conotoxin tx3h OS=Conus textile OX=6494 PE=1 SV=1,9.953459,6.834471,2.1077344
ACR,sp|P0C1N7|M3F_CONTE Conotoxin Tx3.5-a OS=Conus textile OX=6494 PE=1 SV=1,11.162585,6.583119,2.8216474
ACS,sp|P0C1N8|M3B_CONTE Conotoxin tx3b OS=Conus textile OX=6494 PE=1 SV=1,11.056887,6.9634166,2.946981
ACT,sp|P0C1W3|CSA8A_CONRA Alpha-conotoxin RVIIIA OS=Conus radiatus OX=61198 PE=1 SV=2,8.002176,3.596749,5.049539
ACU,sp|P0C1W7|CDKC_CONVX Alpha-conotoxin VxXXC OS=Conus vexillum OX=89431 PE=1 SV=1,5.3197117,5.5742965,2.270521
ACV,sp|P0C1W8|CA4B_CONOB Alpha-conotoxin OIVB OS=Conus obscurus OX=89447 PE=1 SV=1,4.6944747,7.1562524,3.2538
ACW,sp|P0C1X1|CA4A_CONMA Kappa-conotoxin-like MIVA OS=Conus magus OX=6492 PE=1 SV=1,8.166264,4.489377,6.840156
ACX,sp|P0C249|COW_CONIN Contryphan-In OS=Conus inscriptus OX=257329 PE=1 SV=1,3.459554,8.201893,2.734919
ACY,sp|P0C2B0|CT5A_CONVR Conotoxin ViVA OS=Conus virgo OX=89427 PE=1 SV=2,12.194433,10.900764,5.4001474
ACZ,sp|P0C425|CM3F_CONMR Conotoxin mr3f OS=Conus marmoreus OX=42752 PE=1 SV=2,9.915915,6.8959975,2.3409295
ADA,sp|P0C837|COW_CONST Contryphan-S OS=Conus striatus OX=6493 PE=1 SV=1,10.923992,5.7180543,5.5699263
ADB,sp|P0C8R2|CA1A_CONAE Alpha-conotoxin ArIA (Fragment) OS=Conus arenatus OX=89451 PE=1 SV=1,8.165358,6.164848,3.0708592
ADC,sp|P0C8S5|CCAA_CONPI Alpha-conotoxin PrXA OS=Conus parius OX=505247 PE=1 SV=2,8.598391,4.6971383,6.1340327
ADD,sp|P0C8W0|CJA_CONDI Conotoxin Di19A OS=Conus distans OX=72281 PE=1 SV=1,9.449261,4.639078,2.7254572
ADE,sp|P0CC15|O16D_CONCN Delta-conotoxin-like CnVID OS=Conus consors OX=101297 PE=1 SV=2,-0.042046707,0.5379138,-0.08296509
ADF,sp|P0CE29|CXAT4_CONMS Alpha-conotoxin-like Ms20.4 OS=Conus mustelinus OX=101309 PE=1 SV=1,7.7061644,3.5925071,4.5754466
ADG,sp|P0CE30|CXAT5_CONMS Alpha-conotoxin-like Ms20.5 OS=Conus mustelinus OX=101309 PE=1 SV=1,7.684827,3.494715,4.8694453
ADH,sp|P0CE73|CA11_CONBN Alpha-conotoxin BnIA OS=Conus bandanus OX=72279 PE=1 SV=1,8.365716,5.2770953,7.0355005
ADI,sp|P0CE77|CM3B_CONST Mu-conotoxin SIIIB OS=Conus striatus OX=6493 PE=1 SV=1,4.262049,6.212673,2.2488859
ADJ,sp|P0CG45|CM3J_CONRA Kappa-conotoxin RIIIJ OS=Conus radiatus OX=61198 PE=1 SV=1,3.780661,6.2427664,3.2762806
ADK,sp|P0DKQ3|M7E_CONCN Omega-conotoxin-like CnVIIE OS=Conus consors OX=101297 PE=1 SV=2,9.95756,3.9075925,-0.84411323
ADL,sp|P0DP10|M3A_CONFI Conotoxin Fi3a OS=Conus figulinus OX=101301 PE=1 SV=1,2.9850614,7.3501873,3.4410748
ADM,sp|P0DP16|COWA_CONCB Contryphan-C (Fragment) OS=Conus caracteristicus OX=89440 PE=1 SV=2,7.327752,7.4988613,3.3287125
ADN,sp|P0DPL9|CA1Z_CONTE Alpha-conotoxin-like Tx1.2 OS=Conus textile OX=6494 PE=1 SV=1,8.976973,6.0350957,4.495109
ADO,sp|P0DQQ6|CA1A_CONMD Alpha-conotoxin MilIA OS=Conus milneedwardsi OX=2825866 PE=1 SV=1,5.5696936,7.843463,2.8045259
ADP,sp|P0DUR0|CA907_CONIN Alpha-conotoxin In1907 OS=Conus inscriptus OX=257329 PE=1 SV=1,5.666585,7.465723,2.7217193
ADQ,sp|P15471|CAS1_CONST Alpha-conotoxin SI OS=Conus striatus OX=6493 PE=1 SV=2,10.960527,5.1823983,5.438013
ADR,sp|P18511|O16A_CONTE Delta-conotoxin TxVIA OS=Conus textile OX=6494 PE=1 SV=1,10.909254,0.99298656,0.6024424
ADS,sp|P24160|O27A_CONTE Gamma-conotoxin-like TxVIIA OS=Conus textile OX=6494 PE=1 SV=3,9.486449,2.279271,1.1061108
ADT,sp|P28879|CAS2_CONST Alpha-conotoxin SII OS=Conus striatus OX=6493 PE=1 SV=3,10.965362,5.3029604,4.9910593
ADU,sp|P28881|O16B_CONST Omega-conotoxin SVIB OS=Conus striatus OX=6493 PE=1 SV=2,9.9340925,4.136487,-0.9208812
ADV,sp|P37300|O17C_CONMA Omega-conotoxin MVIIC (Fragment) OS=Conus magus OX=6492 PE=1 SV=1,0.8534666,2.2115653,0.3939262
ADW,sp|P50984|CA1A_CONPE Alpha-conotoxin PnIA OS=Conus pennaceus OX=37335 PE=1 SV=1,4.6592865,7.804916,2.6009755
ADX,sp|P50985|CA1B_CONPE Alpha-conotoxin PnIB OS=Conus pennaceus OX=37335 PE=1 SV=2,8.5176115,5.1418457,7.144201
ADY,sp|P55963|CA4A_CONPU Alpha-conotoxin PIVA OS=Conus purpurascens OX=41690 PE=1 SV=2,9.854832,5.759021,4.778175
ADZ,sp|P56529|CM3E_CONPU Psi-conotoxin PIIIE OS=Conus purpurascens OX=41690 PE=1 SV=3,10.725809,5.919818,3.0524843
AEA,sp|P56639|CA1A_CONAL Alpha-conotoxin AuIA OS=Conus aulicus OX=89437 PE=1 SV=2,9.251925,6.4101,5.1087604
AEB,sp|P56640|CA1B_CONAL Alpha-conotoxin AuIB OS=Conus aulicus OX=89437 PE=1 SV=2,9.848416,5.874231,5.1904593
AEC,sp|P56641|CA1C_CONAL Alpha-conotoxin AuIC OS=Conus aulicus OX=89437 PE=1 SV=1,4.110458,7.99871,2.9685857
AED,sp|P56708|O16A_CONMR Mu-conotoxin MrVIA OS=Conus marmoreus OX=42752 PE=1 SV=2,10.546312,0.33407605,0.9943883
AEE,sp|P56711|O27A_CONPE Gamma-conotoxin PnVIIA OS=Conus pennaceus OX=37335 PE=1 SV=2,9.328003,2.2281475,1.1635916
AEF,sp|P56712|O16A_CONPE Omega-conotoxin PnVIA OS=Conus pennaceus OX=37335 PE=1 SV=2,10.722481,0.6012809,1.3675258
AEG,sp|P56714|O17_CONTE Omega-conotoxin TxVII OS=Conus textile OX=6494 PE=1 SV=2,10.591949,1.1424105,0.4381372
AEH,sp|P56973|CA1A_CONCN Alpha-conotoxin CnIA OS=Conus consors OX=101297 PE=1 SV=2,10.712125,5.5262876,5.8468633
AEI,sp|P58782|CA4A_CONER Alpha-conotoxin EIVA OS=Conus ermineus OX=55423 PE=1 SV=1,5.1760917,6.5232315,2.8350568
AEJ,sp|P58809|CTAX_CONMR Chi-conotoxin CMrX OS=Conus marmoreus OX=42752 PE=1 SV=2,12.043597,11.430977,5.814962
AEK,sp|P58810|CTA1B_CONMR Chi-conotoxin MrIB OS=Conus marmoreus OX=42752 PE=1 SV=1,3.3178225,8.350654,3.3863053
AEL,sp|P58846|M3C_CONTE Conotoxin tx3c OS=Conus textile OX=6494 PE=1 SV=2,11.368364,6.440595,2.9244084
AEM,sp|P58916|O17H_CONCN Omega-conotoxin-like CnVIIH OS=Conus consors OX=101297 PE=1 SV=2,0.8331324,2.045133,0.013988966
AEN,sp|P58917|O16A_CONCT Omega-conotoxin CVIA OS=Conus catus OX=101291 PE=1 SV=1,10.420474,4.0736113,-0.935072
AEO,sp|P58924|CS8A_CONGE Sigma-conotoxin GVIIIA OS=Conus geographus OX=6491 PE=1 SV=2,8.048543,3.8048754,5.2605476
AEP,sp|P58925|CM3A_CONPU Mu-conotoxin PIIIA OS=Conus purpurascens OX=41690 PE=2 SV=2,11.048044,5.8553925,3.0121217
AEQ,sp|P60179|O166_CONAA Delta-conotoxin Am2766 OS=Conus amadis OX=198732 PE=1 SV=1,0.42822525,1.0580882,-0.20912625
AER,sp|P60245|CM3F_CONPU Psi-conotoxin PIIIF OS=Conus purpurascens OX=41690 PE=1 SV=1,4.807894,5.9751973,2.566064
AES,sp|P69658|CA1A_CONPU Alpha-conotoxin PIA (Fragment) OS=Conus purpurascens OX=41690 PE=1 SV=1,7.9078436,6.8334575,3.0719156
AET,sp|P69746|CA4A_CONOB Alpha-conotoxin OIVA OS=Conus obscurus OX=89447 PE=1 SV=1,4.473405,7.659843,3.4767923
AEU,sp|P85021|CM3B_CONRE Conotoxin Reg3b (Fragment) OS=Conus regius OX=101314 PE=1 SV=2,9.016945,6.951534,3.284794
AEV,sp|P86259|CT5C_CONTE Conotoxin tx5c OS=Conus textile OX=6494 PE=1 SV=1,4.0568857,7.765399,3.8641908
AEW,sp|P86261|CA1C_CONTE Alpha-conotoxin Tx1C OS=Conus textile OX=6494 PE=1 SV=1,4.711961,7.9623814,2.6710546
AEX,sp|Q0N4U8|CJEA_CONPO Alpha/kappa-conotoxin pl14a OS=Conus planorbis OX=97183 PE=1 SV=1,10.36624,4.7915154,3.9891944
AEY,sp|Q1A3R1|CT54_CONLT Mu-conotoxin Lt5d OS=Conus litteratus OX=89445 PE=1 SV=1,11.682482,10.710942,5.451552
AEZ,sp|Q26443|O16B_CONMR Mu-conotoxin MrVIB OS=Conus marmoreus OX=42752 PE=1 SV=1,10.422893,0.50174165,1.0379907
AFA,sp|Q2I2Q5|CM31_CONLT Iota-conotoxin LtIIIA OS=Conus litteratus OX=89445 PE=1 SV=1,10.171167,6.4488597,2.7315936
AFB,sp|Q2I2R5|CLE1_CONLT Alpha-conotoxin Lt14.1 OS=Conus litteratus OX=89445 PE=1 SV=2,8.568949,4.6925073,6.991713
AFC,sp|Q2I2R8|CA11_CONLT Alpha-conotoxin Lt1a OS=Conus litteratus OX=89445 PE=1 SV=1,8.242103,6.3694882,4.506758
AFD,sp|Q5EHP3|CM3E_CONMR Conotoxin mr3e OS=Conus marmoreus OX=42752 PE=1 SV=1,9.808663,6.5771666,2.2855785
AFE,sp|Q5K0C7|O161_CONVR Conotoxin Vi6.1 OS=Conus virgo OX=89427 PE=1 SV=1,8.816952,3.3416476,0.4457565
AFF,sp|Q7YT83|TX31_CONTE Cysteine-rich venom protein OS=Conus textile OX=6494 PE=1 SV=1,9.570739,4.010651,1.0504397
AFG,sp|Q7YZS9|CI2_CONVR Kappa-conotoxin ViTx OS=Conus virgo OX=89427 GN=VITX PE=1 SV=1,10.070722,3.077758,1.167923
AFH,sp|Q7Z091|I1BD_CONRA Iota-conotoxin-like r11d OS=Conus radiatus OX=61198 PE=1 SV=1,1.1137565,0.6076606,-0.4356405
AFI,sp|Q7Z092|I1BB_CONRA Iota-conotoxin-like r11b OS=Conus radiatus OX=61198 PE=1 SV=1,1.1975713,0.341803,-0.5788954
AFJ,sp|Q7Z094|I1BA_CONRA Iota-conotoxin RXIA OS=Conus radiatus OX=61198 PE=1 SV=1,1.4087993,0.10778602,-0.6677918
AFK,sp|Q7Z096|I1BC_CONRA Iota-conotoxin-like r11c OS=Conus radiatus OX=61198 PE=1 SV=2,10.101955,3.8982828,0.94665635
AFL,sp|Q9BH73|CM3A_CONTE Conotoxin elongated-tx3a-a OS=Conus textile OX=6494 PE=1 SV=1,10.195743,6.986451,2.220478
AFM,sp|Q9BPA9|O26_CONTE TxMEKL-P2 OS=Conus textile OX=6494 PE=1 SV=1,9.200268,2.6445146,1.0415909
AFN,sp|Q9BPI0|CM32_CONTE TxMLKM-021 OS=Conus textile OX=6494 PE=1 SV=1,10.264503,6.9855194,2.205343
AFO,sp|Q9BPJ7|M3_CONTE TxMMSK-03 OS=Conus textile OX=6494 PE=1 SV=1,11.071533,6.456042,2.6649408
AFP,sp|Q9GU58|CP9A_CONTE Conotoxin tx9a OS=Conus textile OX=6494 PE=1 SV=1,7.9399176,3.9112444,5.364087
AFQ,sp|Q9TWM7|O16A_CONGL Delta-conotoxin GmVIA OS=Conus gloriamaris OX=37336 PE=1 SV=2,10.767487,0.42861524,0.36991093
AFR,sp|Q9U6Z6|CT5A_CONPU Conotoxin p5a OS=Conus purpurascens OX=41690 PE=1 SV=1,11.240392,11.157092,5.150148
AFS,sp|Q9XZK2|O16O3_CONST Omega-conotoxin SO-3 OS=Conus striatus OX=6493 PE=1 SV=1,10.378276,4.205866,-0.7500622
AFT,sp|Q9XZK5|O16E_CONST Delta-conotoxin SVIE OS=Conus striatus OX=6493 GN=SO6 PE=1 SV=1,10.027198,1.3721911,0.26072642
AFU,sp|X1WB75|CA1A_CONLG Alpha-conotoxin Lo1a OS=Conasprella longurionis OX=1077918 PE=1 SV=1,5.0645795,7.924092,2.3981879
AFV,sp|X5IWT5|CSA8A_CONGE Alpha-conotoxin GVIIIB OS=Conus geographus OX=6491 PE=1 SV=1,7.97575,3.7101178,5.367679
AFW,sp|A0A2D1P890|CM31_CONFG Conotoxin Fr3.1 OS=Conus frigidus OX=101755 PE=1 SV=1,10.235106,6.4157243,2.2653193
AFX,sp|A0A2I6EDL2|CM3K_CONRE Conotoxin reg3k OS=Conus regius OX=101314 PE=1 SV=1,10.4646635,6.7284765,2.5215783
AFY,sp|A0A2I6EDL4|CM3H_CONRE Conotoxin reg3h (Fragment) OS=Conus regius OX=101314 PE=1 SV=1,9.696213,6.759606,3.205148
AFZ,sp|A0A2I6EDM8|CM3F_CONRE Conotoxin reg3f (Fragment) OS=Conus regius OX=101314 PE=1 SV=1,11.176339,6.5353556,2.754182
AGA,sp|A0A346CED7|CU68_CONAA Conotoxin Am6.8 OS=Conus amadis OX=198732 PE=1 SV=1,10.236921,5.9038577,2.8018804
AGB,sp|A0A3G3C7S0|CA15_CONAA Alpha-conotoxine-like Am1.5 OS=Conus amadis OX=198732 PE=1 SV=1,8.556019,5.9974756,5.2448564
AGC,sp|A0A3G3C7S9|CA12_CONAA Alpha-conotoxine-like Am1.2 OS=Conus amadis OX=198732 PE=1 SV=1,8.253372,5.3494554,6.8870783
AGD,sp|A0A3G3C7T5|CM31_CONAA Mu-conotoxin-like Am3.1 OS=Conus amadis OX=198732 PE=1 SV=1,10.683321,6.587868,3.444297
AGE,sp|A0A3G3C7U1|CA16_CONAA Alpha-conotoxin-like Am1.6 OS=Conus amadis OX=198732 PE=1 SV=1,8.308941,6.439668,4.4543014
AGF,sp|A0A3G3C7U2|CM32_CONAA Mu-onotoxin-like Am3.2 OS=Conus amadis OX=198732 PE=1 SV=1,11.0261345,6.754445,3.25932
AGG,sp|A0A3G3C7U4|CA14_CONAA Alpha-conotoxine-like Am1.4 OS=Conus amadis OX=198732 PE=1 SV=1,8.312757,5.481782,6.6258144
AGH,sp|A0A3G3C7U7|O165_CONAA Omega-conotoxin-like Am6.5 OS=Conus amadis OX=198732 PE=1 SV=1,10.583894,0.87425023,1.3308799
AGI,sp|A0A3G3C7V0|CA13_CONAA Alpha-conotoxine-like Am1.3 OS=Conus amadis OX=198732 PE=1 SV=1,8.580745,5.4974713,6.502781
AGJ,sp|A0A3G3C7V6|O266_CONAA Gamma-conotoxin-like Am6.6 OS=Conus amadis OX=198732 PE=1 SV=1,9.218867,2.0676503,1.1567955
AGK,sp|A0A3G3C7V7|CM33_CONAA Mu-conotoxin-like Am3.3 OS=Conus amadis OX=198732 PE=1 SV=1,10.489384,6.7456694,3.3385158
AGL,sp|A0A4P8XV20|CA1B_CONVE Alpha-conotoxin VnIB (Fragment) OS=Conus ventricosus OX=117992 PE=1 SV=2,7.5250516,6.7005424,2.9829378
AGM,sp|A0SE59|CA13_CONMR Alpha-conotoxin-like Mr1.3 OS=Conus marmoreus OX=42752 PE=3 SV=1,9.41459,5.400335,6.1258974
AGN,sp|A0SE60|CA11_CONPL Alpha-conotoxin-like Pu1.1 OS=Conus pulicarius OX=93154 PE=3 SV=1,9.977156,5.3759604,5.3374968
AGO,sp|A1X8B6|CA14_CONLE Alpha-conotoxin Lp1.4 OS=Conus leopardus OX=101306 PE=1 SV=1,8.417609,5.2766376,6.6631656
AGP,sp|A1X8B8|CA1_CONQU Putative alpha-conotoxin Qc alphaL-1 OS=Conus quercinus OX=101313 PE=5 SV=1,8.1957445,4.7613826,7.1784115
AGQ,sp|A1X8C2|CA18_CONLE Alpha-conotoxin-like Lp1.8 OS=Conus leopardus OX=101306 PE=3 SV=1,10.404737,5.329433,4.6476746
AGR,sp|A1X8C3|CA17_CONLE Alpha-conotoxin-like Lp1.7 OS=Conus leopardus OX=101306 PE=3 SV=1,10.310229,5.494022,4.3860683
AGS,sp|A3DT44|CA42_CONAH Kappa-conotoxin Ac4.2 (Fragment) OS=Conus achatinus OX=369967 PE=3 SV=1,6.72722,6.636518,3.2966192
AGT,sp|A6M934|CA12_CONMR Alpha-conotoxin-like Mr1.2 OS=Conus marmoreus OX=42752 PE=3 SV=1,9.515936,5.447488,6.0912323
AGU,sp|B3FIA5|CVFA_CONVR Conotoxin Vi15a OS=Conus virgo OX=89427 PE=1 SV=1,10.074489,5.419841,3.0221295
AGV,sp|C0HJA8|CA1LB_CONRE Alpha-conotoxin-like RgIB OS=Conus regius OX=101314 PE=1 SV=1,5.3097496,6.843679,2.4599981
AGW,sp|C0HLK1|CA1B_CONBR Alpha-conotoxin BruIB OS=Conus brunneus OX=101289 PE=1 SV=1,3.3548632,6.244949,3.3307323
AGX,sp|C1J5M5|CM3A_CONBU Mu-conotoxin BuIIIA OS=Conus bullatus OX=89438 PE=1 SV=1,11.355345,5.7334414,3.2570527
AGY,sp|C1J5M7|CM3C_CONBU Mu-conotoxin BuIIIC OS=Conus bullatus OX=89438 PE=1 SV=1,11.162399,5.5646825,3.2767782
AGZ,sp|C4PWC3|CXAT1_CONMS Alpha-conotoxin-like Ms20.1 OS=Conus mustelinus OX=101309 PE=1 SV=1,7.9571095,3.8131073,4.2223015
AHA,sp|C6ZJQ2|CAE1_CONPL Alpha-conotoxin Pu14.1 OS=Conus pulicarius OX=93154 PE=1 SV=1,8.698192,4.8629503,7.012382
AHB,sp|D2DGD3|I3BA_CONCB Conotoxin Ca11a OS=Conus caracteristicus OX=89440 PE=1 SV=1,10.612739,3.6378453,1.2344971
AHC,sp|D2DGD4|I3BB_CONCB Conotoxin Ca11b OS=Conus caracteristicus OX=89440 PE=1 SV=1,10.878654,2.896048,1.2981617
AHD,sp|D2Y171|CU5A_CONCL Conotoxin Cal5a L1 OS=Californiconus californicus OX=1736779 PE=1 SV=1,10.300967,6.216862,4.011543
AHE,sp|D4HPD6|CA1A_CONCT Alpha-conotoxin CIA OS=Conus catus OX=101291 PE=1 SV=1,11.000009,5.31228,5.3086314
AHF,sp|D4HRK4|CA12A_CONER Alpha-conotoxin EIIA OS=Conus ermineus OX=55423 PE=1 SV=2,9.883462,6.4746633,4.5956683
AHG,sp|D4HRK7|CA12_CONKI Alpha-conotoxin-like Kn1.2 (Fragment) OS=Conus kinoshitai OX=376876 PE=1 SV=1,6.97996,6.878461,2.8810554
AHH,sp|D9IWN7|CA168_CONPO Conotoxin Pl168 OS=Conus planorbis OX=97183 PE=1 SV=1,9.155126,5.9394846,5.7163033
AHI,sp|E2DIH5|CA12_CONVC Alpha-conotoxin Vc1.2 OS=Conus victoriae OX=319920 PE=1 SV=1,9.519247,5.5902834,4.972343
AHJ,sp|F6JWU7|CDS1_CONLT Alpha-conotoxin Lt28.1 OS=Conus litteratus OX=89445 PE=3 SV=1,8.087546,3.5908144,4.3607755
AHK,sp|H2BK78|CM3A_CONVA Conotoxin Vr3a OS=Conus varius OX=89448 PE=3 SV=1,10.6755705,7.0779366,2.4046407
AHL,sp|H2BKS9|CM3A_CONTS Mu-conotoxin TsIIIA OS=Conus tessulatus OX=101317 PE=3 SV=1,11.296296,6.107904,3.0153391
AHM,sp|J7JU64|CBOA_CONVX Alpha-conotoxin VxXXIVA OS=Conus vexillum OX=89431 PE=3 SV=1,8.142491,6.689595,3.885707
AHN,sp|L8BU87|CA1A_CONLI Alpha-conotoxin LvIA (Fragment) OS=Conus lividus OX=89426 PE=3 SV=1,7.0033746,7.4363117,3.3008606
AHO,sp|P01520|CA12_CONGE Alpha-conotoxin GII OS=Conus geographus OX=6491 PE=1 SV=1,4.2416706,8.34264,3.3806374
AHP,sp|P01524|CM3B_CONGE Mu-conotoxin GIIIB OS=Conus geographus OX=6491 PE=1 SV=1,3.7181304,6.0973315,3.203687
AHQ,sp|P05482|CM3C_CONGE Mu-conotoxin GIIIC OS=Conus geographus OX=6491 PE=1 SV=1,3.7915747,6.184019,3.1497536
AHR,sp|P05483|U7AB_CONGE Omega-conotoxins GVIIA/GVIIB OS=Conus geographus OX=6491 PE=1 SV=1,1.275909,1.58959,0.105406
AHS,sp|P05485|O17B_CONMA Omega-conotoxin MVIIB OS=Conus magus OX=6492 PE=1 SV=1,1.0186027,2.0071003,0.24391715
AHT,sp|P0C1C8|O17A_CONCF Gamma-conotoxin-like As7a OS=Conus cancellatus OX=289020 PE=1 SV=1,0.77694255,1.2791566,-0.1433069
AHU,sp|P0C1C9|O17A_CONDE Gamma-conotoxin-like de7a OS=Conus delessertii OX=2547900 PE=1 SV=1,0.12808187,1.0134743,-0.12031497
AHV,sp|P0C1M9|M3A_CONMR Conotoxin mr3a OS=Conus marmoreus OX=42752 PE=1 SV=1,2.2709765,7.1465073,3.734734
AHW,sp|P0C1N0|M3B_CONMR Conotoxin mr3b OS=Conus marmoreus OX=42752 PE=1 SV=1,2.5208476,7.6495667,3.1098905
AHX,sp|P0C1U0|CM3B_CONCN Mu-conotoxin CnIIIB OS=Conus consors OX=101297 PE=1 SV=1,4.697782,5.944446,2.620043
AHY,sp|P0C1V8|CA1C_CONAN Alpha-conotoxin-like AnIC OS=Conus anemone OX=101285 PE=1 SV=1,4.940186,7.6467013,2.6668835
AHZ,sp|P0C1W0|CA12_CONCB Alpha-conotoxin-like Ca1.2 OS=Conus caracteristicus OX=89440 PE=3 SV=1,8.978493,5.6052785,6.224258
AIA,sp|P0C1W1|CA1A_CONMA Alpha-conotoxin-like MIA OS=Conus magus OX=6492 PE=1 SV=1,5.6405444,7.8067985,2.66823
AIB,sp|P0C1W2|CA1B_CONMA Alpha-conotoxin-like MIB OS=Conus magus OX=6492 PE=1 SV=1,5.777267,7.682801,2.7068615
AIC,sp|P0C1W9|CA4A_CONPR Alpha-conotoxin PeIVA OS=Conus pergrandis OX=330676 PE=3 SV=1,4.6069717,7.645119,3.3003027
AID,sp|P0C1X0|CA4B_CONPR Alpha-conotoxin PeIVB OS=Conus pergrandis OX=330676 PE=3 SV=1,4.4327116,7.6400847,3.366046
AIE,sp|P0C1Y2|CA13_CONBN Alpha-conotoxin-like Bn1.3 OS=Conus bandanus OX=72279 PE=3 SV=1,8.222988,4.7890124,7.191585
AIF,sp|P0C2B1|CT5B_CONVR Conotoxin ViVB OS=Conus virgo OX=89427 PE=1 SV=2,12.13147,10.890343,5.175801
AIG,sp|P0C2C5|CA4E_CONPU Conotoxin PIVE OS=Conus purpurascens OX=41690 PE=1 SV=1,5.348046,6.9550753,3.2272332
AIH,sp|P0C2C6|CA4F_CONPU Kappa-conotoxin-like PIVF OS=Conus purpurascens OX=41690 PE=1 SV=1,5.1694913,6.947018,3.4171526
AII,sp|P0C351|CA1B_CONPU Alpha-conotoxin PIB OS=Conus purpurascens OX=41690 PE=1 SV=1,3.902407,7.3536086,2.7603307
AIJ,sp|P0C424|M3C_CONMR Conotoxin mr3c OS=Conus marmoreus OX=42752 PE=1 SV=1,2.8899152,6.374172,3.4441462
AIK,sp|P0C607|I1BA_CONAE Conotoxin ar11a OS=Conus arenatus OX=89451 PE=1 SV=1,10.428008,3.8640864,0.55512494
AIL,sp|P0C615|I2BA_CONSP Kappa-conotoxin SrXIA OS=Conus spurius OX=192919 PE=1 SV=1,1.1284765,1.1171365,-0.34927347
AIM,sp|P0C642|CT361_CONVR Conotoxin Vi1361 OS=Conus virgo OX=89427 PE=1 SV=1,3.5013015,7.5952253,3.3128264
AIN,sp|P0C6S2|CLEA_CONCF Kappa-conotoxin-like as14a OS=Conus cancellatus OX=289020 PE=1 SV=1,1.6365829,0.8301081,-0.11163245
AIO,sp|P0C6S3|CLEB_CONCF Kappa-conotoxin-like as14b OS=Conus cancellatus OX=289020 PE=1 SV=1,1.9222994,1.1167096,-0.082611114
AIP,sp|P0C7I1|CM3E_CONPI Psi-conotoxin PrIIIE OS=Conus parius OX=505247 PE=1 SV=1,11.034042,5.779128,2.862245
AIQ,sp|P0C829|CA4B_CONST Kappa-conotoxin-like SIVB OS=Conus striatus OX=6493 PE=1 SV=1,8.085188,4.4649053,6.701004
AIR,sp|P0C8U4|CA1C_CONCN Alpha-conotoxin CnIC OS=Conus consors OX=101297 PE=1 SV=2,10.812362,5.144058,5.330836
AIS,sp|P0C8V1|CA11_CONSE Alpha-conotoxin-like Sm1.1 OS=Conus stercusmuscarum OX=89452 PE=1 SV=1,11.115144,5.35372,5.2198915
AIT,sp|P0C8V2|CM3A_CONSR Mu-conotoxin SxIIIA OS=Conus striolatus OX=101315 PE=1 SV=1,4.314471,5.7528505,2.1698186
AIU,sp|P0C8V4|CA1A_CONVE Alpha-conotoxin-like Vn OS=Conus ventricosus OX=117992 PE=1 SV=1,3.9759614,7.770769,3.0429866
AIV,sp|P0C8V5|O161_CONAH Delta-conotoxin-like Ac6.1 OS=Conus achatinus OX=369967 PE=1 SV=1,9.932872,0.9799712,0.32712546
AIW,sp|P0C8V6|O162_CONAH Delta-conotoxin-like Ac6.2 OS=Conus achatinus OX=369967 PE=1 SV=1,9.9587145,1.2436237,0.85061496
AIX,sp|P0C8V8|O164_CONAH Omega-conotoxin-like Ac6.4 OS=Conus achatinus OX=369967 PE=1 SV=1,10.353832,4.003804,-0.9250861
AIY,sp|P0C8V9|O165_CONAH Omega-conotoxin-like Ac6.5 OS=Conus achatinus OX=369967 PE=1 SV=1,10.705445,3.3719323,0.38609883
AIZ,sp|P0CAQ5|CA11B_CONAH Alpha-conotoxin-like Ac1.1b OS=Conus achatinus OX=369967 PE=2 SV=1,10.828898,5.3043585,5.3796225
AJA,sp|P0CAQ6|CA16A_CONLE Alpha-conotoxin-like Lp1.6a OS=Conus leopardus OX=101306 PE=1 SV=1,8.85364,5.654514,6.1704125
AJB,sp|P0CAQ8|CA14A_CONQU Alpha-conotoxin-like Qc1.4a (Fragment) OS=Conus quercinus OX=101313 PE=2 SV=1,7.253212,7.040064,2.7675655
AJC,sp|P0CB07|CA11_CONAJ Alpha-conotoxin-like Ai1.1 OS=Conus ammiralis OX=97188 PE=3 SV=1,9.585715,6.2181506,4.927718
AJD,sp|P0CB08|CA12_CONAJ Alpha-conotoxin-like Ai1.2 OS=Conus ammiralis OX=97188 PE=3 SV=1,9.458847,5.799092,4.4322047
AJE,sp|P0CB12|CA189_CONAJ Alpha-conotoxin-like 289 OS=Conus ammiralis OX=97188 PE=3 SV=1,9.603593,6.1047034,4.9327064
AJF,sp|P0CC13|O16B_CONCN Delta-conotoxin-like CnVIB OS=Conus consors OX=101297 PE=1 SV=1,0.30335495,0.60070324,-0.20646319
AJG,sp|P0CC14|O16C_CONCN Delta-conotoxin-like CnVIC OS=Conus consors OX=101297 PE=1 SV=2,0.14325775,0.7489438,-0.23871338
AJH,sp|P0CE24|CXAT1_CONCE Alpha-conotoxin-like Cp20.1 OS=Conus capitaneus OX=89439 PE=1 SV=1,7.4282246,3.4267647,5.229865
AJI,sp|P0CE25|CXAT2_CONCE Alpha-conotoxin-like Cp20.2 OS=Conus capitaneus OX=89439 PE=1 SV=1,7.8133845,3.9605126,4.1107793
AJJ,sp|P0CE26|CXAT4_CONCE Alpha-conotoxin-like Cp20.4 OS=Conus capitaneus OX=89439 PE=2 SV=1,7.6049094,3.2491307,4.9898076
AJK,sp|P0CE27|CXAT5_CONCE Alpha-conotoxin-like Cp20.5 OS=Conus capitaneus OX=89439 PE=1 SV=1,7.787844,3.674829,4.588357
AJL,sp|P0CE28|CXAT2_CONMS Alpha-conotoxin-like Ms20.2 OS=Conus mustelinus OX=101309 PE=2 SV=1,7.9092855,3.5279462,4.5563455
AJM,sp|P0CE31|CXAT2_CONMI Alpha-conotoxin-like Ml20.2 OS=Conus miles OX=69564 PE=1 SV=1,7.735889,3.678928,5.3677773
AJN,sp|P0CE32|CXAT3_CONMI Alpha-conotoxin-like Ml20.3 OS=Conus miles OX=69564 PE=2 SV=1,7.605407,3.3950577,5.0800886
AJO,sp|P0CE33|CXAT4_CONMI Alpha-conotoxin-like Ml20.4 OS=Conus miles OX=69564 PE=2 SV=1,7.49748,3.446305,5.118795
AJP,sp|P0CE34|CXAT1_CONRT Alpha-conotoxin-like Rt20.1 OS=Conus rattus OX=72283 PE=2 SV=1,7.8076077,3.6786444,5.0244746
AJQ,sp|P0CE35|CXAT2_CONRT Alpha-conotoxin-like Rt20.2 OS=Conus rattus OX=72283 PE=2 SV=1,7.7582827,3.5608544,5.017008
AJR,sp|P0CE36|CXAT1_CONPO Alpha-conotoxin-like Vt20.1 OS=Conus planorbis OX=97183 PE=2 SV=1,8.020085,4.010685,4.174351
AJS,sp|P0CE75|CA4A_CONSE Kappa-conotoxin-like SmIVA OS=Conus stercusmuscarum OX=89452 PE=2 SV=1,8.244814,4.47894,6.2837305
AJT,sp|P0CE76|CA4B_CONSE Kappa-conotoxin-like SmIVB OS=Conus stercusmuscarum OX=89452 PE=2 SV=1,8.1174965,4.426352,6.3706913
AJU,sp|P0CH14|CO1E_CONMR Conotoxin Mr1e OS=Conus marmoreus OX=42752 PE=1 SV=2,10.184517,6.656198,2.8124256
AJV,sp|P0CH16|CM3B_CONPI Mu-conotoxin-like pr3b OS=Conus parius OX=505247 PE=1 SV=1,4.3215384,6.4636602,2.5751765
AJW,sp|P0CI05|CA1A_CONTI Alpha-conotoxin CtIA OS=Conus tinianus OX=909294 PE=1 SV=1,4.6459136,7.5444536,2.3720675
AJX,sp|P0CI22|CTA48_CONAO Chi-conotoxin-like Ar1248 OS=Conus araneosus OX=101286 PE=1 SV=1,2.9128938,7.988952,3.519742
AJY,sp|P0CI23|CTA11_CONAO Chi-conotoxin-like Ar1311 OS=Conus araneosus OX=101286 PE=1 SV=1,3.523875,8.463902,3.2200336
AJZ,sp|P0CI24|TXM46_CONAO Conotoxin Ar1446 OS=Conus araneosus OX=101286 PE=1 SV=1,2.1731334,7.0929585,3.555011
AKA,sp|P0CY86|CA11_CONBU Alpha-conotoxin-like Bu1.1 OS=Conus bullatus OX=89438 PE=3 SV=1,10.932594,5.3997145,5.4222374
AKB,sp|P0DJL6|CT5A_CONCN Tau-conotoxin CnVA OS=Conus consors OX=101297 PE=1 SV=1,2.6858082,7.89999,3.579707
AKC,sp|P0DKQ4|M7F_CONCN Omega-conotoxin-like CnVIIF OS=Conus consors OX=101297 PE=1 SV=2,10.083079,4.1827574,-0.8126289
AKD,sp|P0DKQ5|M7G_CONCN Omega-conotoxin-like CnVIIG OS=Conus consors OX=101297 PE=1 SV=2,10.174056,4.0816975,-0.98875713
AKE,sp|P0DKQ6|M7J_CONCN Omega-conotoxin-like CnVIIJ OS=Conus consors OX=101297 PE=1 SV=2,10.471407,3.930362,-0.0119886035
AKF,sp|P0DKQ9|CM31_CONTU Mu-conotoxin-like T3.1 OS=Conus tulipa OX=6495 PE=2 SV=1,10.838947,6.397613,3.4599419
AKG,sp|P0DM23|CA12_CONPE Alpha-conotoxin Pn1.2 OS=Conus pennaceus OX=37335 PE=1 SV=1,9.277494,6.468727,5.107579
AKH,sp|P0DOW6|O27A_CONPG Gamma-conotoxin PiVIIA OS=Conus princeps OX=101311 PE=1 SV=1,1.0849954,1.6901604,-0.1760115
AKI,sp|P0DP11|M3C_CONFI Conotoxin Fi3c OS=Conus figulinus OX=101301 PE=1 SV=1,2.3175144,7.1343265,3.4887292
AKJ,sp|P0DP13|COWB_CONFI Contryphan-Fib OS=Conus figulinus OX=101301 PE=1 SV=1,2.9576454,7.949385,2.8113177
AKK,sp|P0DP14|COWC_CONFI Contryphan-Fic OS=Conus figulinus OX=101301 PE=1 SV=1,3.2764943,8.016604,2.659745
AKL,sp|P0DP20|COWA_CONFI Contryphan-Fia OS=Conus figulinus OX=101301 PE=1 SV=1,3.2911882,8.139759,2.83621
AKM,sp|P0DPJ2|CM3C_CONRE Conotoxin reg3c OS=Conus regius OX=101314 PE=1 SV=1,2.3490617,6.613402,3.4865797
AKN,sp|P0DPJ3|CM3D_CONRE Conotoxin reg3d OS=Conus regius OX=101314 PE=1 SV=1,3.1587455,6.24147,3.341658
AKO,sp|P0DPJ5|CM3G_CONRE Conotoxin reg3g OS=Conus regius OX=101314 PE=1 SV=1,2.3714774,7.7838807,3.483366
AKP,sp|P0DPJ6|CM3I_CONRE Conotoxin reg3i OS=Conus regius OX=101314 PE=1 SV=1,2.448782,7.5342474,3.3559844
AKQ,sp|P0DPJ7|CM3J_CONRE Conotoxin reg3j OS=Conus regius OX=101314 PE=1 SV=1,2.457906,7.220981,3.1097121
AKR,sp|P0DPL8|CA1CB_CONTE Conotoxin TxIC OS=Conus textile OX=6494 PE=1 SV=1,12.196463,10.62689,5.894557
AKS,sp|P0DPM0|CA12_CONSE Alpha-conotoxin-like Sm1.2 OS=Conus stercusmuscarum OX=89452 PE=3 SV=1,10.942964,5.584522,4.8025136
AKT,sp|P0DPM1|CA13_CONSE Alpha-conotoxin-like Sm1.3 OS=Conus stercusmuscarum OX=89452 PE=1 SV=1,10.360823,5.685164,5.0950747
AKU,sp|P0DPM4|I166_CONTE Conotoxin Tx6.6 OS=Conus textile OX=6494 PE=1 SV=1,10.816181,0.16308592,0.794791
AKV,sp|P0DPT2|CA1B_CONCT Alpha-conotoxin CIB (Fragment) OS=Conus catus OX=101291 PE=1 SV=1,6.793703,7.314679,3.2271266
AKW,sp|P0DQD4|O16F_CONCT Omega conotoxin-CVIF OS=Conus catus OX=101291 PE=1 SV=1,0.7214148,1.927626,0.12081255
AKX,sp|P0DQQ5|CA1C_CONCT Alpha-conotoxin CIC OS=Conus catus OX=101291 PE=1 SV=1,4.90782,7.891458,3.069657
AKY,sp|P0DQR7|CAIA_CONGE Alpha-conotoxin GIA OS=Conus geographus OX=6491 PE=1 SV=1,4.4923596,7.775233,2.9889834
AKZ,sp|P0DUQ9|COW2_CONIN Contryphan-In1172 OS=Conus inscriptus OX=257329 PE=1 SV=1,3.726553,8.190564,2.5528948
ALA,sp|P0DUR1|CA878_CONIN Alpha-conotoxin In1878 OS=Conus inscriptus OX=257329 PE=1 SV=1,5.621033,7.5403757,2.6226733
ALB,sp|P0DUR2|CA761_CONIN Alpha-conotoxin In1761 OS=Conus inscriptus OX=257329 PE=1 SV=1,4.7614036,7.6931343,2.433564
ALC,sp|P0DUR4|CM746_CONIN Conotoxin In1746 OS=Conus inscriptus OX=257329 PE=1 SV=1,2.232161,7.1470723,3.1732624
ALD,sp|P0DUU1|T1098_CONAA Conotoxin Am1099 OS=Conus amadis OX=198732 PE=1 SV=1,2.0751014,7.749406,3.4731808
ALE,sp|P0DUU2|T1309_CONAA Conotoxin Ama1309 OS=Conus amadis OX=198732 PE=1 SV=1,2.8395295,8.040976,3.288181
ALF,sp|P0DUU4|A1245_CONAA Conotoxin Ama1245 OS=Conus amadis OX=198732 PE=1 SV=1,3.1242743,8.099743,3.4525385
ALG,sp|P0DW72|I1B1_CONXI Conopeptide X11.1 OS=Conasprella ximenes OX=257349 PE=1 SV=1,10.766156,3.5519712,0.70812273
ALH,sp|P15472|U6GS_CONGE Mu-conotoxin GS OS=Conus geographus OX=6491 PE=1 SV=1,1.4632634,1.031595,-0.16294865
ALI,sp|P18512|O16K1_CONTE Conotoxin King-Kong 1 OS=Conus textile OX=6494 PE=1 SV=2,11.013179,0.5838652,0.52580804
ALJ,sp|P18513|O1K2_CONTE Conotoxin King-Kong 2 OS=Conus textile OX=6494 PE=1 SV=2,10.598941,0.41962212,0.32085145
ALK,sp|P28878|CA1A_CONST Alpha-conotoxin SIA OS=Conus striatus OX=6493 PE=1 SV=1,4.616191,8.118796,2.980918
ALL,sp|P56710|O16A_CONNI Delta-conotoxin NgVIA OS=Conus nigropunctatus OX=1520089 PE=1 SV=1,0.12162838,0.7530057,-0.2785644
ALM,sp|P56713|O16B_CONPE Omega-conotoxin PnVIB OS=Conus pennaceus OX=37335 PE=1 SV=2,10.961673,0.5255181,1.5443358
ALN,sp|P58623|M3A_CONBE Conotoxin BtIIIA OS=Conus betulinus OX=89764 PE=1 SV=1,2.019917,7.084897,3.327265
ALO,sp|P58624|M3B_CONBE BtIIIB OS=Conus betulinus OX=89764 PE=1 SV=1,1.9612553,6.8210564,3.5215547
ALP,sp|P58783|CA4B_CONER Alpha-conotoxin EIVB OS=Conus ermineus OX=55423 PE=1 SV=1,5.3085356,6.478903,2.771352
ALQ,sp|P58807|CTA6A_CONMR Chi-conotoxin CMrVIA OS=Conus marmoreus OX=42752 PE=1 SV=1,3.3359106,8.355361,3.4875367
ALR,sp|P58845|U6TC_CONTE Textile convulsant peptide OS=Conus textile OX=6494 PE=1 SV=1,4.5718765,6.9992666,3.0016541
ALS,sp|P58848|CT5A_CONAL Conotoxin au5a OS=Conus aulicus OX=89437 PE=1 SV=1,1.8510989,7.6214595,3.5234332
ALT,sp|P58914|O16A_CONRA Omega-conotoxin RVIA OS=Conus radiatus OX=61198 PE=1 SV=1,1.0798961,1.851146,0.16695075
ALU,sp|P58915|O16A_CONTU Omega-conotoxin TVIA OS=Conus tulipa OX=6495 PE=1 SV=1,1.228339,1.7838278,-0.06424355
ALV,sp|P58918|O16B_CONCT Omega-conotoxin CVIB OS=Conus catus OX=101291 PE=1 SV=1,0.98561174,2.1231766,0.1602207
ALW,sp|P58919|O16C_CONCT Omega-conotoxin CVIC OS=Conus catus OX=101291 PE=1 SV=1,0.70842546,1.8280641,0.15805374
ALX,sp|P58922|O26G_CONTE Conotoxin Gla(1)-TxVI OS=Conus textile OX=6494 PE=1 SV=2,9.640628,2.1054783,1.3016144
ALY,sp|P58926|CM4A_CONPE Mu-conotoxin PnIVA OS=Conus pennaceus OX=37335 PE=1 SV=1,2.4820478,7.351387,3.160262
ALZ,sp|P58927|CM4B_CONPE Mu-conotoxin PnIVB OS=Conus pennaceus OX=37335 PE=1 SV=2,11.123867,6.456716,2.7199266
AMA,sp|P60207|CM3A_CONSE Mu-conotoxin SmIIIA (Fragment) OS=Conus stercusmuscarum OX=89452 PE=2 SV=1,4.3861737,5.852193,2.2883115
AMB,sp|P69749|O16A_CONBU Delta-conotoxin BuVIA OS=Conus bullatus OX=89438 PE=2 SV=2,10.334331,0.65732247,0.44678056
AMC,sp|P69758|O16A_CONVC Conotoxin Vc6a OS=Conus victoriae OX=319920 PE=1 SV=1,10.473816,-0.002563807,-0.03297002
AMD,sp|P69759|O16B_CONVC Conotoxin Vc6b OS=Conus victoriae OX=319920 PE=1 SV=1,10.96496,0.63237226,0.27789125
AME,sp|P69762|O16C_CONVC Conotoxin Vc6c OS=Conus victoriae OX=319920 PE=1 SV=1,10.662374,0.4144644,0.096963756
AMF,sp|P69764|CT5A_CONMR Conotoxin mr5a OS=Conus marmoreus OX=42752 PE=1 SV=1,11.90975,11.107399,6.6061816
AMG,sp|P69765|CT5A_CONVC Conotoxin vc5a (Fragment) OS=Conus victoriae OX=319920 PE=1 SV=1,9.793085,7.1857247,3.3613496
AMH,sp|P69768|CT5B_CONVC Conotoxin vc5b (Fragment) OS=Conus victoriae OX=319920 PE=1 SV=1,9.77105,7.2856307,3.1663427
AMI,sp|P69769|CM3K_CONRA Kappa-conotoxin RIIIK OS=Conus radiatus OX=61198 PE=2 SV=2,10.598615,6.327285,2.8817837
AMJ,sp|P69770|CX2_CONMR Conotoxin Gla-MrII OS=Conus marmoreus OX=42752 PE=1 SV=2,9.388989,4.715067,2.9140048
AMK,sp|P81727|CP92_CONBE Conotoxin Bt9.2 OS=Conus betulinus OX=89764 PE=1 SV=1,5.4490128,6.1132784,2.8458433
AML,sp|P83301|U6VN_CONVE Omega-conotoxin-like Vn2 OS=Conus ventricosus OX=117992 PE=1 SV=1,-0.17425415,0.73076564,-0.14193363
AMM,sp|P84704|CLEA_CONVL Conotoxin vil14a OS=Conus villepinii OX=257347 PE=1 SV=2,11.402233,4.5610857,3.169231
AMN,sp|P84707|CLEC_CONAW Conotoxin flf14c OS=Conus anabathrum floridanus OX=1520082 PE=1 SV=2,11.082435,4.71022,3.244356
AMO,sp|P85009|CA1B_CONRE Alpha-conotoxin-like Reg1b/Reg1c OS=Conus regius OX=101314 PE=1 SV=1,4.263386,8.062078,2.488349
AMP,sp|P85010|CA1D_CONRE Alpha-conotoxin-like Reg1d OS=Conus regius OX=101314 PE=1 SV=1,4.285046,8.160249,2.6257386
AMQ,sp|P85011|CA1E_CONRE Alpha-conotoxin-like Reg1e OS=Conus regius OX=101314 PE=1 SV=1,4.040395,7.63329,2.329481
AMR,sp|P85012|CA1F_CONRE Alpha-conotoxin-like Reg1f OS=Conus regius OX=101314 PE=1 SV=1,3.173026,7.0405927,3.3684466
AMS,sp|P85017|CMCE_CONRE Conotoxin Reg12e OS=Conus regius OX=101314 PE=1 SV=3,2.2391791,6.8425336,3.4534273
AMT,sp|P86255|CONO_CONTE Conopressin-Tx OS=Conus textile OX=6494 PE=1 SV=1,4.198075,7.8357244,2.7878184
AMU,sp|P86256|CTAB_CONTE Chi-conotoxin-like 1 OS=Conus textile OX=6494 PE=1 SV=1,3.755296,8.354109,3.4377217
AMV,sp|P86257|CTAC_CONTE Chi-conotoxin-like 2 OS=Conus textile OX=6494 PE=1 SV=1,3.7113674,8.374949,3.2589912
AMW,sp|P86258|CT5B_CONTE Conotoxin tx5b OS=Conus textile OX=6494 PE=1 SV=1,3.8653102,7.841286,3.8280303
AMX,sp|P86260|M3D_CONTE Conotoxin tx3d OS=Conus textile OX=6494 PE=1 SV=1,2.394704,6.989392,3.5499697
AMY,sp|P86262|M3E_CONTE Conotoxin tx3e OS=Conus textile OX=6494 PE=1 SV=1,2.9865928,7.0703673,3.0667286
AMZ,sp|P86264|CT5D_CONTE Conotoxin tx5d OS=Conus textile OX=6494 PE=1 SV=1,3.3424366,7.883437,3.525553
ANA,sp|P86362|CAEA_CONTS Alpha-conotoxin-like ts14a OS=Conus tessulatus OX=101317 PE=1 SV=1,4.8401337,7.5304427,3.2734215
ANB,sp|Q26350|O17D_CONMA Omega-conotoxin MVIID (Fragment) OS=Conus magus OX=6492 PE=1 SV=1,0.88883936,1.9985076,0.37568215
ANC,sp|Q2I2P8|CMG1_CONLT Conotoxin Lt16a OS=Conus litteratus OX=89445 PE=3 SV=1,10.18255,6.8782706,3.1742456
AND,sp|Q2I2R6|CA13_CONLT Alpha-conotoxin-like Lt1.3 OS=Conus litteratus OX=89445 PE=3 SV=1,10.161936,5.4367385,4.4598475
ANE,sp|Q2I2R7|CA12_CONLT Alpha-conotoxin-like Lt1.2 OS=Conus litteratus OX=89445 PE=3 SV=1,8.568761,5.757532,5.7729735
ANF,sp|Q3YEE8|CT54A_CONTE Conotoxin TeAr154 OS=Conus textile OX=6494 PE=1 SV=1,11.849248,10.30273,6.311321
ANG,sp|Q3YEE9|CT51A_CONTE Conotoxin TeAr151 OS=Conus textile OX=6494 PE=1 SV=1,12.133693,10.676674,5.7000737
ANH,sp|Q3YEH5|CT32_CONLI Conotoxin LiC32 OS=Conus lividus OX=89426 PE=1 SV=1,11.824225,11.198777,5.0854516
ANI,sp|Q3YEH7|CT13_CONTE Conotoxin 3 OS=Conus textile OX=6494 PE=1 SV=1,10.949553,10.814806,5.39347
ANJ,sp|Q5I4E5|I2B_CONTE Conotoxin Gla-TxXI OS=Conus textile OX=6494 PE=1 SV=1,10.029576,3.4556122,1.3425515
ANK,sp|Q5I4E6|CXX_CONTE Conotoxin Gla-TxX OS=Conus textile OX=6494 PE=1 SV=1,9.08334,5.053095,3.018319
ANL,sp|Q5K0C4|O161_CONCE Omega-conotoxin-like 1 OS=Conus capitaneus OX=89439 PE=2 SV=1,9.177384,3.473222,0.23874727
ANM,sp|Q6PN83|CT53_CONMR Conotoxin mr5.3 OS=Conus marmoreus OX=42752 PE=1 SV=1,11.350512,11.708559,6.4075294
ANN,sp|Q6PN84|CT52_CONMR Conotoxin mr5.2 OS=Conus marmoreus OX=42752 PE=1 SV=1,11.522202,11.415994,6.4306817
ANO,sp|Q6PPB3|CA11B_CONQU Alpha-conotoxin-like Qc1.1b OS=Conus quercinus OX=101313 PE=3 SV=1,8.478678,5.309593,6.890949
ANP,sp|Q6PTD1|CA11_CONMR Alpha-conotoxin Mr1.1 OS=Conus marmoreus OX=42752 PE=3 SV=1,8.78735,5.3031507,6.8933854
ANQ,sp|Q6PTD4|CA12_CONLE Alpha-conotoxin-like Lp1.2 OS=Conus leopardus OX=101306 PE=3 SV=1,9.834648,5.5818,5.3811307
ANR,sp|Q6PTD5|CA11_CONLE Alpha-conotoxin Lp1.1 OS=Conus leopardus OX=101306 PE=1 SV=1,8.28733,6.3757935,4.5423
ANS,sp|Q6PTD6|CA12_CONQU Alpha-conotoxin-like Qc1.2 OS=Conus quercinus OX=101313 PE=1 SV=1,9.464375,5.7860274,5.3989215
ANT,sp|Q86RA3|O16A_CONVX Conotoxin VxVIA OS=Conus vexillum OX=89431 PE=1 SV=1,9.460159,3.5685017,-0.3135221
ANU,sp|Q86RB2|CA1C_CONGE Alpha-conotoxin GIC (Fragment) OS=Conus geographus OX=6491 PE=1 SV=1,6.990448,7.066389,3.295086
ANV,sp|Q8I6R5|CA12_CONIM Alpha-conotoxin ImII (Fragment) OS=Conus imperialis OX=35631 PE=1 SV=1,2.8670256,7.7860575,2.9386656
ANW,sp|Q8IS41|O16B_CONVX Conotoxin VxVIB OS=Conus vexillum OX=89431 PE=1 SV=1,9.352367,2.634127,0.29762092
ANX,sp|Q9BP55|CM4C_CONPE Mu-conotoxin pn4c (Fragment) OS=Conus pennaceus OX=37335 PE=1 SV=1,9.2837925,6.8239603,3.0530338
ANY,sp|Q9BP56|CAL12_CONPE Alpha-conotoxin-like PnMGMR-02 OS=Conus pennaceus OX=37335 PE=3 SV=1,8.393996,4.9554586,7.256313
ANZ,sp|Q9BPH1|CTDA_CONTE Conotoxin TxXIIIA OS=Conus textile OX=6494 PE=1 SV=1,11.657629,11.184381,5.962999
AOA,sp|Q9N633|O16E_CONCT Omega conotoxin-CVIE (Fragment) OS=Conus catus OX=101291 PE=1 SV=1,10.134804,4.009073,-1.0857414
AOB,sp|Q9U619|CA12A_CONIM Alpha-conotoxin-like ImIIA OS=Conus imperialis OX=35631 PE=1 SV=1,8.240732,4.8865285,7.2766666
AOC,sp|Q9XZK6|CA11_CONTE Alpha-conotoxin-like Tx1 OS=Conus textile OX=6494 PE=3 SV=1,8.404995,4.924832,6.571765
AOD,sp|Q9XZL1|O164_CONTE Omega-conotoxin-like TxO4 OS=Conus textile OX=6494 PE=1 SV=1,11.031896,1.0293207,1.565444
AOE,sp|Q9XZL4|O161_CONST Omega-conotoxin-like SVIA mutant 1 OS=Conus striatus OX=6493 PE=2 SV=1,10.17574,3.6236458,-0.8352521
AOF,sp|Q9XZL5|O16A2_CONST Omega-conotoxin-like SVIA mutant 2 OS=Conus striatus OX=6493 PE=2 SV=1,10.594766,3.8544605,-0.8921659
AOG,sp|S4UJV1|CA14_CONLI Alpha-conotoxin-like Lv1.4 OS=Conus lividus OX=89426 PE=3 SV=1,8.246295,4.7136703,7.0514154
AOH,sp|S4UJW3|CA1A_CONQU Alpha-conotoxin QcIA OS=Conus quercinus OX=101313 PE=3 SV=1,8.300749,5.402235,6.8073916
AOI,sp|X5I9Z2|CAI15_CONGE Alpha-conotoxin G1.5 OS=Conus geographus OX=6491 PE=1 SV=1,9.555759,5.81167,4.9483547
AOJ,sp|X5IGW1|CAIB_CONGE Alpha-conotoxin GIB OS=Conus geographus OX=6491 PE=1 SV=1,9.779512,5.265456,6.1725554
AOK,sp|A0A068B6Q6|CA18_CONBE Conotoxin Bt1.8 (Fragment) OS=Conus betulinus OX=89764 PE=1 SV=1,7.117353,7.023847,2.9734125
AOL,sp|A0A142C197|CSST1_CONBE Consomatin Be1 OS=Conus betulinus OX=89764 PE=3 SV=1,8.780332,4.9039927,6.321589
AOM,sp|A0A2I6EDL3|CM35_CONRE Conotoxin reg3.5 OS=Conus regius OX=101314 PE=3 SV=1,10.559336,6.902693,2.573004
AON,sp|A0A2I6EDL5|CMCL_CONRE Reg12l (Fragment) OS=Conus regius OX=101314 PE=1 SV=1,9.42867,7.0091205,3.313325
AOO,sp|A0A2I6EDL6|CM38_CONRE Conotoxin reg3.8 OS=Conus regius OX=101314 PE=3 SV=1,10.742321,6.185265,3.1855352
AOP,sp|A0A2I6EDL7|CM37_CONRE Conotoxin reg3.7 (Fragment) OS=Conus regius OX=101314 PE=2 SV=1,10.25935,6.866174,3.217477
AOQ,sp|A0A2I6EDM1|CM39_CONRE Conotoxin reg3.9 (Fragment) OS=Conus regius OX=101314 PE=2 SV=1,9.690499,7.0603294,3.1076999
AOR,sp|A0A2I6EDM2|CM310_CONRE Conotoxin reg3.10 OS=Conus regius OX=101314 PE=3 SV=1,9.609458,6.1930084,2.4133162
AOS,sp|A0A2I6EDM5|CM36_CONRE Conotoxin reg3.6 OS=Conus regius OX=101314 PE=3 SV=1,11.256796,6.326373,2.5487473
AOT,sp|A0A2I6EDM9|CM312_CONRE Conotoxin reg3.12 (Fragment) OS=Conus regius OX=101314 PE=2 SV=1,8.990645,6.6392307,2.9669662
AOU,sp|A0A2I6EDN0|CM317_CONRE Conotoxin reg3.17 (Fragment) OS=Conus regius OX=101314 PE=2 SV=1,9.573911,6.8673882,3.2775245
AOV,sp|A0A2I6EDN1|CM314_CONRE Conotoxin reg3.14 OS=Conus regius OX=101314 PE=3 SV=1,11.026414,6.5454316,2.5527585
AOW,sp|A0A2I6EDN2|CM316_CONRE Conotoxin reg3.16 OS=Conus regius OX=101314 PE=3 SV=1,10.309685,6.0350094,2.5200925
AOX,sp|A0A2I6EDN3|CM315_CONRE Conotoxin reg3.15 (Fragment) OS=Conus regius OX=101314 PE=2 SV=1,10.358986,6.9872503,3.0101676
AOY,sp|A0A2I6EDN8|CM311_CONRE Conotoxin reg3.11 (Fragment) OS=Conus regius OX=101314 PE=2 SV=1,8.878677,6.7129965,3.0361116
AOZ,sp|A0A3G1VU73|CLE2_CONAW Conotoxin flf14.2 OS=Conus anabathrum floridanus OX=1520082 PE=2 SV=1,11.2092085,4.6008263,3.0610926
APA,sp|A0A3G1VU77|CLE5_CONVL Conotoxin vil14.5 OS=Conus villepinii OX=257347 PE=3 SV=1,11.088136,4.8917127,3.1045804
APB,sp|A0A3G1VU78|CLE4_CONVL Conotoxin vil14.4 OS=Conus villepinii OX=257347 PE=3 SV=1,11.253142,4.950272,2.9682732
APC,sp|A0A3G1VU81|CLE3_CONVL Conotoxin vil14.3 OS=Conus villepinii OX=257347 PE=3 SV=1,11.327023,4.7205677,2.977358
APD,sp|A0A3G1VU84|CLE2_CONVL Conotoxin vil14.2 OS=Conus villepinii OX=257347 PE=3 SV=1,11.199897,4.829251,3.0521312
APE,sp|A1X8B9|CA2_CONQU Putative alpha-conotoxin Qc alphaL-2 OS=Conus quercinus OX=101313 PE=5 SV=1,9.37077,5.5896845,5.782189
APF,sp|A1X8C6|CA11C_CONQU Alpha-conotoxin-like Qc1.1c (Fragment) OS=Conus quercinus OX=101313 PE=3 SV=1,7.422462,7.3941245,3.0828278
APG,sp|A1X8D0|CA15_CONQU Alpha-conotoxin-like Qc1.5 (Fragment) OS=Conus quercinus OX=101313 PE=3 SV=1,7.013429,7.186233,3.1021907
APH,sp|A1X8D1|CA16_CONQU Alpha-conotoxin-like Qc1.6 (Fragment) OS=Conus quercinus OX=101313 PE=3 SV=1,7.769366,6.81581,3.046195
API,sp|A1X8D6|CA19_CONLE Alpha-conotoxin-like Lp1.9 (Fragment) OS=Conus leopardus OX=101306 PE=3 SV=1,7.501251,7.199971,3.3508635
APJ,sp|A1X8D9|CA13_CONPL Alpha-conotoxin-like Pu1.3 (Fragment) OS=Conus pulicarius OX=93154 PE=3 SV=1,7.1975856,7.341059,3.5644944
APK,sp|A6M938|CA1A_CONLE Alpha-conotoxin-like Lp1.10 (Fragment) OS=Conus leopardus OX=101306 PE=1 SV=1,7.39585,7.2863812,3.3900902
APL,sp|A6YR23|COC1C_CONCL Mu-conotoxin-like Cal 12.1.1c OS=Californiconus californicus OX=1736779 PE=2 SV=1,6.046961,5.5781565,2.8237414
APM,sp|A6YR24|COC1D_CONCL Mu-conotoxin-like Cal 12.1.1d OS=Californiconus californicus OX=1736779 PE=2 SV=1,5.872565,5.5683317,2.9272213
APN,sp|A6YR26|COC1E_CONCL Mu-conotoxin-like Cal 12.1.1e OS=Californiconus californicus OX=1736779 PE=2 SV=1,5.68579,5.4428344,2.7610695
APO,sp|A6YR28|COC2A_CONCL Mu-conotoxin-like Cal 12.1.2a OS=Californiconus californicus OX=1736779 PE=2 SV=1,5.835764,5.4980826,2.721611
APP,sp|A6YR29|COC2B_CONCL Mu-conotoxin-like Cal 12.1.2b OS=Californiconus californicus OX=1736779 PE=2 SV=1,5.873206,5.6712055,2.6840496
APQ,sp|A6YR30|COC2C_CONCL Mu-conotoxin-like Cal 12.1.2c OS=Californiconus californicus OX=1736779 PE=2 SV=1,5.7236376,5.785407,2.3239915
APR,sp|A6YR31|COC2D_CONCL Mu-conotoxin-like Cal 12.1.2d OS=Californiconus californicus OX=1736779 PE=2 SV=1,5.486288,5.8094325,2.223183
APS,sp|A6YR33|COC2E_CONCL Mu-conotoxin-like Cal 12.1.2e OS=Californiconus californicus OX=1736779 PE=2 SV=1,5.79088,5.6689343,2.4881215
APT,sp|A6YR34|COC2F_CONCL Mu-conotoxin-like Cal 12.1.2f OS=Californiconus californicus OX=1736779 PE=2 SV=1,5.6488476,5.629391,2.4142096
APU,sp|A6YR36|COC2G_CONCL Mu-conotoxin-like Cal 12.1.2g OS=Californiconus californicus OX=1736779 PE=2 SV=1,5.95019,5.611432,2.599641
APV,sp|A6YR37|COC2H_CONCL Mu-conotoxin-like Cal 12.1.2h OS=Californiconus californicus OX=1736779 PE=2 SV=1,5.7130933,5.5178633,2.460969
APW,sp|A6YR40|COC3A_CONCL Mu-conotoxin-like Cal 12.1.3a OS=Californiconus californicus OX=1736779 PE=2 SV=2,8.880876,5.035413,2.8383062
APX,sp|A6YR41|COC3B_CONCL Mu-conotoxin-like Cal 12.1.3b OS=Californiconus californicus OX=1736779 PE=2 SV=1,5.581025,5.538827,2.8492277
APY,sp|A6YR42|COCA_CONCL Mu-conotoxin-like Cal 12.2a OS=Californiconus californicus OX=1736779 PE=1 SV=1,9.495364,5.1986437,2.580929
APZ,sp|A7LI90|COCB_CONCL Mu-conotoxin-like Cal 12.2b OS=Californiconus californicus OX=1736779 PE=2 SV=1,9.279506,5.1099896,2.3905668
AQA,sp|A7LI91|COCC_CONCL Mu-conotoxin-like Cal 12.2c (Fragment) OS=Californiconus californicus OX=1736779 PE=2 SV=1,5.565342,5.9125156,2.7766795
AQB,sp|A7LI92|COCD_CONCL Mu-conotoxin-like Cal 12.2d OS=Californiconus californicus OX=1736779 PE=2 SV=2,9.425699,5.2957306,2.5835128
AQC,sp|A9UH01|COCE_CONCL Mu-conotoxin-like CalTx 12.2.1E (Fragment) OS=Californiconus californicus OX=1736779 PE=2 SV=1,5.77115,6.069396,2.8797581
AQD,sp|B1PZN6|CS82_CONCB Conotoxin Ca8.2 OS=Conus caracteristicus OX=89440 PE=2 SV=1,7.9899435,3.508987,5.1227345
AQE,sp|B2CS62|CTFA_CONCB Conotoxin Ca15a (Fragment) OS=Conus caracteristicus OX=89440 PE=1 SV=2,6.469506,6.7158937,3.382122
AQF,sp|B2KJ30|O168_CONST Delta-conotoxin-like S6.8 OS=Conus striatus OX=6493 PE=2 SV=1,10.482228,1.434333,1.0933336
AQG,sp|B3FIA6|CVF1_CONPO Conotoxin Vt15.1 OS=Conus planorbis OX=97183 PE=2 SV=1,9.98627,4.861786,2.8313303
AQH,sp|C0HKY5|CT5D_CONAO Conotoxin ar5d OS=Conus araneosus OX=101286 PE=1 SV=1,3.479139,7.7991433,3.78989
AQI,sp|C0KYC3|CT54_CONSP Conotoxin Sr5.4 OS=Conus spurius OX=192919 PE=3 SV=1,11.773139,11.732132,5.97933
AQJ,sp|C0KYC4|CT55_CONSP Conotoxin Sr5.5 OS=Conus spurius OX=192919 PE=3 SV=1,11.614397,11.927797,5.867238
AQK,sp|C0KYC5|CT56_CONSP Conotoxin Sr5.6 OS=Conus spurius OX=192919 PE=3 SV=1,11.281606,10.895835,5.484087
AQL,sp|C0KYC6|CT57_CONSP Conotoxin Sr5.7 OS=Conus spurius OX=192919 PE=3 SV=1,11.5278425,11.786457,6.057252
AQM,sp|D2DGD5|I3B3_CONCB Conotoxin Ca11.3 OS=Conus caracteristicus OX=89440 PE=3 SV=1,10.696587,3.301926,1.1955743
AQN,sp|D2DGD6|I3B1_CONPL Conotoxin Pu11.1 OS=Conus pulicarius OX=93154 PE=3 SV=1,10.579115,3.3584783,1.3650777
AQO,sp|D2DGD7|I3B2_CONPL Conotoxin Pu11.2 OS=Conus pulicarius OX=93154 PE=3 SV=1,10.851551,3.088711,1.0380702
AQP,sp|D2DGD8|I361_CONPL Conotoxin Pu6.1 OS=Conus pulicarius OX=93154 PE=3 SV=1,10.176855,3.020007,1.1020844
AQQ,sp|D2DGD9|I364_CONLT Conotoxin Lt6.4 OS=Conus litteratus OX=89445 PE=3 SV=1,10.277011,3.2056565,1.4201118
AQR,sp|D2Y169|CU51C_CONCL Conotoxin Cal5a L3 OS=Californiconus californicus OX=1736779 PE=3 SV=1,10.240107,6.4707303,3.9650824
AQS,sp|D2Y170|CU51B_CONCL Conotoxin Cal5a L2 OS=Californiconus californicus OX=1736779 PE=3 SV=1,10.106555,6.2399697,3.9486847
AQT,sp|D2Y172|CT52_CONCL Conotoxin Cal5.2 OS=Californiconus californicus OX=1736779 PE=1 SV=1,9.865288,7.0671644,3.527393
AQU,sp|D6C4J9|CX53_CONCL Conotoxin Cl5.3 OS=Californiconus californicus OX=1736779 PE=3 SV=1,5.7880497,6.4099345,2.8374314
AQV,sp|F5C3T9|COW_CONVR Contryphan-Vi OS=Conus virgo OX=89427 PE=3 SV=1,10.749247,5.911708,5.249945
AQW,sp|F5CEP0|CUC11_CONCL Conotoxin Cal12.1p1 (Fragment) OS=Californiconus californicus OX=1736779 PE=2 SV=1,7.3442264,5.431319,2.735175
AQX,sp|G1C1T0|CUC12_CONCL Conotoxin Cal12.1p2 (Fragment) OS=Californiconus californicus OX=1736779 PE=2 SV=1,6.9315734,5.4184914,2.7009742
AQY,sp|G1C1T1|CUC13_CONCL Conotoxin Cal12.1p3 (Fragment) OS=Californiconus californicus OX=1736779 PE=2 SV=1,6.7657895,6.067212,2.938831
AQZ,sp|G1C1T2|CUC14_CONCL Conotoxin Cal12.1p4 (Fragment) OS=Californiconus californicus OX=1736779 PE=2 SV=1,7.1265745,5.865284,2.840462
ARA,sp|G1C1T3|CUC15_CONCL Conotoxin Cal12.1p5 (Fragment) OS=Californiconus californicus OX=1736779 PE=2 SV=1,7.249906,5.7921443,2.83454
ARB,sp|H8Y1U0|CT54_CONIM Conotoxin Im5.4 OS=Conus imperialis OX=35631 PE=1 SV=1,11.996034,11.11501,5.6108236
ARC,sp|H9N3R7|CA1C_CONLI Alpha-conotoxin Li1.12 (Fragment) OS=Conus lividus OX=89426 PE=3 SV=1,7.2670326,6.9674125,3.6755447
ARD,sp|P0C1T9|CM3A_CONCN Mu-conotoxin CnIIIA OS=Conus consors OX=101297 PE=1 SV=1,4.9166565,6.2208967,2.302855
ARE,sp|P0C1U1|CM3A_CONCT Mu-conotoxin CIIIA OS=Conus catus OX=101291 PE=2 SV=1,4.6169496,5.9729166,2.2405226
ARF,sp|P0C1U2|CM3A_CONMA Mu-conotoxin MIIIA OS=Conus magus OX=6492 PE=1 SV=1,4.763983,6.420439,2.3800368
ARG,sp|P0C1V9|CA11_CONCB Alpha-conotoxin-like Ca1.1 OS=Conus caracteristicus OX=89440 PE=3 SV=1,9.387759,6.094415,5.291536
ARH,sp|P0C1W4|CA11_CONST Alpha-conotoxin-like S1.1 OS=Conus striatus OX=6493 PE=2 SV=1,10.2878275,5.5766068,5.5913787
ARI,sp|P0C251|I1B1_CONBE Conotoxin Bt11.1 OS=Conus betulinus OX=89764 PE=2 SV=1,10.572841,3.7433188,0.8996903
ARJ,sp|P0C252|I2BA_CONEM Kappa-conotoxin-like Em11.10 (Fragment) OS=Conus emaciatus OX=89442 PE=2 SV=1,1.4455336,0.52164763,-0.2347788
ARK,sp|P0C253|I1B1_CONEP Conotoxin Ep11.1 OS=Conus episcopatus OX=88764 PE=2 SV=1,10.481476,3.4817207,1.2232977
ARL,sp|P0C254|I2BC_CONEP Conotoxin Ep11.12 OS=Conus episcopatus OX=88764 PE=2 SV=1,10.058665,3.2201715,1.1453695
ARM,sp|P0C255|I2BB_CONFI Conotoxin Fi11.11 (Fragment) OS=Conus figulinus OX=101301 PE=2 SV=1,1.5975577,0.74312466,-0.46741992
ARN,sp|P0C256|I1B1_CONFI Iota-conotoxin-like Fi11.1 (Fragment) OS=Conus figulinus OX=101301 PE=2 SV=1,1.4323976,0.50989914,-0.5030977
ARO,sp|P0C257|I1B1_CONMA Iota-conotoxin-like M11.1 (Fragment) OS=Conus magus OX=6492 PE=2 SV=1,1.6765368,0.66934836,-0.5144002
ARP,sp|P0C258|I2B2_CONSR Kappa-conotoxin-like Sx11.2 OS=Conus striolatus OX=101315 PE=2 SV=1,9.791931,3.6497395,1.403803
ARQ,sp|P0C259|I1B2_CONST Iota-conotoxin-like S11.2 (Fragment) OS=Conus striatus OX=6493 PE=2 SV=1,1.5478851,0.5571069,-0.07738231
ARR,sp|P0C608|I1B6_CONAL Conotoxin Au11.6 OS=Conus aulicus OX=89437 PE=2 SV=1,1.0639349,0.2520379,-0.7158267
ARS,sp|P0C609|I1B4_CONBE Conotoxin Bt11.4 OS=Conus betulinus OX=89764 PE=2 SV=1,0.8363498,0.52996725,-0.50231737
ART,sp|P0C610|I1B6_CONFI Iota-conotoxin-like Fi11.6 OS=Conus figulinus OX=101301 PE=2 SV=1,1.2371098,0.43736425,-0.46103567
ARU,sp|P0C611|I1B8_CONFI Iota-conotoxin-like Fi11.8 OS=Conus figulinus OX=101301 PE=2 SV=1,1.4051988,0.34308288,-0.31528237
ARV,sp|P0C612|I1B5_CONLY Iota-conotoxin-like L11.5 OS=Conus lynceus OX=289038 PE=2 SV=1,1.3971864,1.3493558,-0.4378694
ARW,sp|P0C613|I1B2_CONMA Conotoxin M11.2 OS=Conus magus OX=6492 PE=2 SV=1,0.68278706,0.6159215,-0.33676106
ARX,sp|P0C614|I1B5_CONMA Iota-conotoxin-like M11.5 OS=Conus magus OX=6492 PE=2 SV=1,1.730554,1.2335073,-0.5611131
ARY,sp|P0C636|CT51_CONPL Conotoxin Pu5.1 OS=Conus pulicarius OX=93154 PE=2 SV=1,11.004298,9.90652,5.2877846
ARZ,sp|P0C637|CT52_CONPL Conotoxin Pu5.2 OS=Conus pulicarius OX=93154 PE=2 SV=1,11.688252,10.707307,6.461961
ASA,sp|P0C638|CT53_CONPL Conotoxin Pu5.3 OS=Conus pulicarius OX=93154 PE=2 SV=1,12.085311,11.041623,6.585831
ASB,sp|P0C639|CT54_CONPL Conotoxin Pu5.4 OS=Conus pulicarius OX=93154 PE=2 SV=1,12.113651,11.029408,6.4743433
ASC,sp|P0C640|CT55_CONPL Conotoxin Pu5.5 OS=Conus pulicarius OX=93154 PE=2 SV=1,10.817734,10.176655,5.8671937
ASD,sp|P0C641|CT56_CONPL Conotoxin Pu5.6 OS=Conus pulicarius OX=93154 PE=2 SV=1,11.073027,11.567795,5.5648475
ASE,sp|P0C666|CT51_CONCB Conotoxin Ca5.1 OS=Conus caracteristicus OX=89440 PE=2 SV=1,11.093801,11.287953,6.309739
ASF,sp|P0C667|CT52_CONCB Conotoxin Ca5.2 OS=Conus caracteristicus OX=89440 PE=2 SV=1,10.944552,9.936218,5.4062343
ASG,sp|P0C668|CT53_CONCB Conotoxin Ca5.3 OS=Conus caracteristicus OX=89440 PE=2 SV=1,11.135757,11.193464,5.7656794
ASH,sp|P0C669|CT51A_CONVR Conotoxin Vi5.1a OS=Conus virgo OX=89427 PE=2 SV=1,12.004676,10.754802,4.9857388
ASI,sp|P0C670|CT51B_CONVR Conotoxin Vi5.1b OS=Conus virgo OX=89427 PE=2 SV=1,10.056781,8.128013,3.9929545
ASJ,sp|P0C830|CA43_CONST Kappa-conotoxin-like S4.3 OS=Conus striatus OX=6493 PE=2 SV=1,6.2917356,6.551797,3.0412526
ASK,sp|P0C831|O166_CONST Omega-conotoxin-like S6.6 OS=Conus striatus OX=6493 PE=2 SV=1,10.023836,4.094495,-0.7052861
ASL,sp|P0C832|O167_CONST Omega-conotoxin-like S6.7 (Fragment) OS=Conus striatus OX=6493 PE=2 SV=1,1.6031926,1.2424387,-0.47834378
ASM,sp|P0C833|O16V_CONST Conotoxin S6.10 OS=Conus striatus OX=6493 PE=2 SV=1,9.776985,3.4087331,0.43181756
ASN,sp|P0C834|O26B_CONST Conotoxin S6.11 OS=Conus striatus OX=6493 PE=2 SV=1,9.276962,2.2436655,0.99277014
ASO,sp|P0C8U3|CA14_CONBR Alpha-conotoxin-like Br1.4 OS=Conus brunneus OX=101289 PE=2 SV=1,3.8562703,8.09447,3.0945916
ASP,sp|P0C8U5|CA14_CONMN Alpha-conotoxin-like Mn1.4 (Fragment) OS=Conus monachus OX=89446 PE=2 SV=1,5.9090466,7.580015,2.8428009
ASQ,sp|P0C8U6|CA1S1_CONPL Alpha-conotoxin-like PuSG1.1 OS=Conus pulicarius OX=93154 PE=3 SV=1,10.178055,7.6271124,4.240006
ASR,sp|P0C8U7|CA1S2_CONPL Alpha-conotoxin-like PuSG1.2 OS=Conus pulicarius OX=93154 PE=3 SV=1,10.365125,7.967709,4.310656
ASS,sp|P0C8U8|CA14_CONPL Alpha-conotoxin-like Pu1.4 OS=Conus pulicarius OX=93154 PE=3 SV=1,9.573014,5.43422,4.0209727
AST,sp|P0C8U9|CA15_CONPL Alpha-conotoxin-like Pu1.5 OS=Conus pulicarius OX=93154 PE=3 SV=1,9.741761,5.6176257,3.8883333
ASU,sp|P0C8V0|CA16_CONPL Alpha-conotoxin-like Pu1.6 OS=Conus pulicarius OX=93154 PE=3 SV=1,10.075909,5.514913,4.579852
ASV,sp|P0C8V3|CM3B_CONSR Mu-conotoxin-like SxIIIB OS=Conus striolatus OX=101315 PE=1 SV=1,4.3934426,5.739696,2.0595663
ASW,sp|P0C8V7|O163_CONAH Delta-conotoxin-like Ac6.3 OS=Conus achatinus OX=369967 PE=2 SV=1,10.365821,1.1203003,0.62285435
ASX,sp|P0C901|CA1A1_CONLE Alpha-conotoxin-like Leo-A1 OS=Conus leopardus OX=101306 PE=3 SV=1,7.4485598,7.262998,3.5247364
ASY,sp|P0C906|CT11_CONLE Conotoxin Leo-T1 OS=Conus leopardus OX=101306 PE=3 SV=1,11.335615,10.479482,5.3597
ASZ,sp|P0C907|CT12_CONLE Conotoxin Leo-T2 OS=Conus leopardus OX=101306 PE=3 SV=1,11.819512,10.551915,4.970572
ATA,sp|P0CAQ2|CA43A_CONAH Kappa-conotoxin-like Ac4.3a (Fragment) OS=Conus achatinus OX=369967 PE=3 SV=1,7.178384,6.515824,2.9739063
ATB,sp|P0CAQ3|CA43B_CONAH Kappa-conotoxin-like Ac4.3b (Fragment) OS=Conus achatinus OX=369967 PE=3 SV=1,6.9872227,6.800323,2.929818
ATC,sp|P0CAQ4|CA11A_CONAH Alpha-conotoxin-like Ac1.1a OS=Conus achatinus OX=369967 PE=2 SV=1,10.858387,5.363849,5.6105695
ATD,sp|P0CAQ7|CA16B_CONLE Alpha-conotoxin-like Lp1.6b (Fragment) OS=Conus leopardus OX=101306 PE=2 SV=1,7.1699877,7.240008,3.4273584
ATE,sp|P0CAQ9|CA14B_CONQU Alpha-conotoxin-like Qc1.4b (Fragment) OS=Conus quercinus OX=101313 PE=3 SV=1,7.462779,7.0104423,3.032056
ATF,sp|P0CB09|O161_CONAJ Delta-conotoxin-like Ai6.1 OS=Conus ammiralis OX=97188 PE=2 SV=1,10.768721,0.9141649,0.28793862
ATG,sp|P0CB10|O162_CONAJ Omega-conotoxin-like Ai6.2 OS=Conus ammiralis OX=97188 PE=2 SV=1,11.041396,0.43289313,0.32841614
ATH,sp|P0CB11|O163_CONAJ Omega-conotoxin-like Ai6.3 OS=Conus ammiralis OX=97188 PE=2 SV=1,11.588422,0.5773861,1.0387084
ATI,sp|P0CE74|CA12_CONBN Alpha-conotoxin-like Bn1.2 (Fragment) OS=Conus bandanus OX=72279 PE=2 SV=1,5.036609,8.011379,2.6979218
ATJ,sp|P0CI41|CUG6A_CONCL Omega-conotoxin Cl16a OS=Californiconus californicus OX=1736779 PE=1 SV=1,4.191884,7.1671576,2.4653254
ATK,sp|P0CY60|O171_CONBU Omega-conotoxin-like Bu1 OS=Conus bullatus OX=89438 PE=2 SV=1,10.192938,3.8155954,-0.503829
ATL,sp|P0CY69|O17B_CONBU Omega-conotoxin-like Bu11 (Fragment) OS=Conus bullatus OX=89438 PE=2 SV=1,10.500016,3.4656422,0.15208605
ATM,sp|P0CY82|CA427_CONBU Kappa-conotoxin-like Bu27 (Fragment) OS=Conus bullatus OX=89438 PE=2 SV=1,7.1299515,6.431076,3.202371
ATN,sp|P0DJC4|CT51_CONQU Conotoxin Qc5.1 OS=Conus quercinus OX=101313 PE=2 SV=1,11.746007,10.707994,5.137929
ATO,sp|P0DJC5|CT52_CONQU Conotoxin Qc5.2 OS=Conus quercinus OX=101313 PE=2 SV=1,11.790216,10.494681,5.2219133
ATP,sp|P0DKM1|I2B1_CONFR Conotoxin fe11.1 OS=Conus ferrugineus OX=379542 PE=2 SV=1,9.698138,3.3568733,1.4636165
ATQ,sp|P0DL31|CXQA_CONRG Omega-conotoxin RsXXVIA OS=Conus regularis OX=1333719 PE=1 SV=1,6.0329304,6.0651536,3.0340827
ATR,sp|P0DL66|O16A_CONTS Delta-conotoxin TsVIA OS=Conus tessulatus OX=101317 PE=1 SV=1,-0.18983826,0.93977,0.029601822
ATS,sp|P0DP12|CM5A_CONFI Conotoxin Fi5a OS=Conus figulinus OX=101301 PE=1 SV=1,3.6294482,7.380156,3.0656083
ATT,sp|P0DPJ8|CM3M_CONRE Conotoxin reg3m OS=Conus regius OX=101314 PE=1 SV=1,2.74053,8.042005,3.180271
ATU,sp|P0DPK7|CX5E_CONTE Conotoxin tx5e OS=Conus textile OX=6494 PE=1 SV=1,3.9737444,7.7817283,3.6945844
ATV,sp|P0DPK8|M313_CONTE Conotoxin SI.13 OS=Conus textile OX=6494 PE=1 SV=1,3.005231,6.214631,3.5016365
ATW,sp|P0DPK9|M314_CONTE Conotoxin SI.14 OS=Conus textile OX=6494 PE=1 SV=1,2.0396514,7.5240173,3.486929
ATX,sp|P0DPL0|M316_CONTE Conotoxin SI.6 OS=Conus textile OX=6494 PE=1 SV=1,2.9967577,6.4393106,3.53606
ATY,sp|P0DPL1|CM32_CONSE Alpha-conotoxin-like Sm3.2 OS=Conus stercusmuscarum OX=89452 PE=1 SV=1,2.0654197,7.3122687,3.7946072
ATZ,sp|P0DPL2|M3I_CONTE Conotoxin tx3i OS=Conus textile OX=6494 PE=1 SV=1,2.768471,6.4128466,3.4266546
AUA,sp|P0DPL3|M3J_CONTE Conotoxin tx3j OS=Conus textile OX=6494 PE=1 SV=1,2.650578,7.242368,3.4242818
AUB,sp|P0DPL4|CT5F_CONTE Conotoxin tx5f OS=Conus textile OX=6494 PE=1 SV=1,1.8157694,7.3353987,3.3444297
AUC,sp|P0DPL5|CT5G_CONTE Conotoxin tx5g OS=Conus textile OX=6494 PE=1 SV=1,3.1391163,7.9156485,3.4999204
AUD,sp|P0DPL6|CT5H_CONTE Conotoxin tx5h OS=Conus textile OX=6494 PE=1 SV=1,4.1236987,7.756474,3.841
AUE,sp|P0DPL7|CT5E_CONTE Conotoxin tx5e OS=Conus textile OX=6494 PE=1 SV=1,3.441608,8.0676,3.5331106
AUF,sp|P0DPM2|CA14_CONSE Alpha-conotoxin-like Sm1.4 OS=Conus stercusmuscarum OX=89452 PE=1 SV=1,4.637543,6.492353,2.1763594
AUG,sp|P0DPM3|CU65_CONTE Conotoxin Tx6.5 OS=Conus textile OX=6494 PE=1 SV=1,4.4246793,6.754372,2.9371877
AUH,sp|P0DQO8|CM3L_CONRE Conotoxin reg3l OS=Conus regius OX=101314 PE=1 SV=1,2.5088441,6.6993375,3.3587182
AUI,sp|P0DUR3|CM696_CONIN Conotoxin In1696 OS=Conus inscriptus OX=257329 PE=1 SV=1,1.9623274,6.983537,3.3970098
AUJ,sp|P0DUU3|T1251_CONAA Conotoxin Ama1251 OS=Conus amadis OX=198732 PE=1 SV=1,3.6438444,7.8874774,3.788758
AUK,sp|P0DW73|O161_CONKN Conotoxin Kt6.1 OS=Conus kintoki OX=568724 PE=3 SV=1,8.777822,3.5386195,0.49779454
AUL,sp|P0DW74|OV62_CONVR Conotoxin Vi6.2 OS=Conus virgo OX=89427 PE=3 SV=1,8.637661,3.3615549,0.65960073
AUM,sp|P0DW75|O164_CONVR Conotoxin Vi6.4 OS=Conus virgo OX=89427 PE=3 SV=1,8.842681,3.203165,0.3929443
AUN,sp|P0DW77|O162_CONTC Conotoxin Tr6.2 OS=Conus terebra OX=89453 PE=3 SV=1,8.890441,3.3289266,0.3985628
AUO,sp|P0DW78|O163_CONTC Conotoxin Tr6.3 OS=Conus terebra OX=89453 PE=3 SV=1,8.898913,3.429871,0.240896
AUP,sp|P24159|O16B_CONTE Delta-conotoxin TxVIB OS=Conus textile OX=6494 PE=1 SV=1,0.3537259,1.1896291,-0.0820535
AUQ,sp|P58625|CX2A_CONBE Conotoxin Bt12.1 OS=Conus betulinus OX=89764 PE=1 SV=1,5.3892765,5.403798,2.6018124
AUR,sp|P58849|CT5B_CONAL Conotoxin au5b OS=Conus aulicus OX=89437 PE=1 SV=1,2.0148406,7.504227,3.5954354
AUS,sp|P69748|O16A_CONAI Delta-conotoxin-like AVIA OS=Conus aurisiacus OX=319919 PE=2 SV=2,10.533908,1.3439696,0.85755354
AUT,sp|P69750|O16A_CONCN Delta-conotoxin-like CnVIA OS=Conus consors OX=101297 PE=2 SV=2,10.240536,1.2335798,0.71886003
AUU,sp|P69751|O16DE_CONCT Delta-conotoxin-like CVIE OS=Conus catus OX=101291 PE=2 SV=2,10.432417,1.4607795,0.9308107
AUV,sp|P69752|O16B_CONER Delta-conotoxin-like EVIB OS=Conus ermineus OX=55423 PE=1 SV=1,0.29462382,0.91773915,-0.4330206
AUW,sp|P69753|O16A_CONMA Delta-conotoxin-like MVIA OS=Conus magus OX=6492 PE=2 SV=2,9.98064,1.5442863,0.42116007
AUX,sp|P69754|O16B_CONMA Delta-conotoxin-like MVIB OS=Conus magus OX=6492 PE=2 SV=2,10.086795,0.9478496,0.25003594
AUY,sp|P69755|O16C_CONMA Delta-conotoxin-like MVIC OS=Conus magus OX=6492 PE=2 SV=2,9.9365635,1.0624336,0.8470613
AUZ,sp|P69756|O16D_CONMA Delta-conotoxin-like MVID OS=Conus magus OX=6492 PE=2 SV=1,-0.045598086,0.7627472,-0.09262356
AVA,sp|P69757|O16A_CONSE Delta-conotoxin-like SmVIA OS=Conus stercusmuscarum OX=89452 PE=2 SV=2,10.0048065,1.4175771,0.53123575
AVB,sp|P69760|O163_CONVC Conotoxin Vc6.3 OS=Conus victoriae OX=319920 PE=2 SV=1,10.379918,0.15826719,-0.19051369
AVC,sp|P69761|O164_CONVC Omega-conotoxin-like Vc6.4 OS=Conus victoriae OX=319920 PE=2 SV=1,11.10845,0.94034195,1.7284055
AVD,sp|P69763|O166_CONVC Conotoxin Vc6.6 OS=Conus victoriae OX=319920 PE=2 SV=1,11.514795,0.72879237,1.4677619
AVE,sp|P69766|CT5C_CONVC Conotoxin vc5c (Fragment) OS=Conus victoriae OX=319920 PE=1 SV=1,9.870333,7.1396194,2.83039
AVF,sp|P69767|CT53_CONVC Conotoxin Vc5.3 (Fragment) OS=Conus victoriae OX=319920 PE=2 SV=1,9.789031,7.7631526,3.7537293
AVG,sp|Q0N4U3|CJE2_CONFR Alpha/kappa-conotoxin-like fe14.2 OS=Conus ferrugineus OX=379542 PE=2 SV=1,10.425119,4.6254168,3.9980834
AVH,sp|Q0N4U4|CJE1_CONFR Alpha/kappa-conotoxin-like fe14.1 OS=Conus ferrugineus OX=379542 PE=2 SV=1,10.367241,4.6503334,4.1037517
AVI,sp|Q0N4U5|CJE3_CONPO Alpha/kappa-conotoxin-like pl14.3 OS=Conus planorbis OX=97183 PE=2 SV=1,10.166388,4.724687,4.143658
AVJ,sp|Q0N4U6|CJE2_CONPO Alpha/kappa-conotoxin-like pl14.2 (Fragment) OS=Conus planorbis OX=97183 PE=2 SV=1,10.44263,4.5358434,4.149616
AVK,sp|Q0N4U7|CJE1_CONPO Alpha/kappa-conotoxin-like pl14.1 OS=Conus planorbis OX=97183 PE=2 SV=1,10.2504835,4.7273273,4.319002
AVL,sp|Q1A3Q1|CT5A_CONLT Conotoxin Lt5.10 OS=Conus litteratus OX=89445 PE=3 SV=1,9.9603405,8.786647,4.5008554
AVM,sp|Q1A3Q2|CT5B_CONLT Conotoxin Lt5.11 OS=Conus litteratus OX=89445 PE=3 SV=1,9.890186,8.805692,4.619363
AVN,sp|Q1A3Q5|CT58_CONLT Conotoxin Lt5.8 OS=Conus litteratus OX=89445 PE=3 SV=1,10.935216,10.145069,5.2193336
AVO,sp|Q1A3Q6|CT57_CONLT Conotoxin Lt5.7 OS=Conus litteratus OX=89445 PE=3 SV=1,10.045002,8.860886,4.619732
AVP,sp|Q1A3Q7|CT59_CONLT Conotoxin Lt5.9 OS=Conus litteratus OX=89445 PE=3 SV=1,10.96729,11.373534,5.9201455
AVQ,sp|Q1A3Q8|CT56_CONLT Conotoxin Lt5.6 OS=Conus litteratus OX=89445 PE=3 SV=1,10.047582,8.831741,4.4445243
AVR,sp|Q1A3Q9|CT52_CONLT Conotoxin Lt5.2 OS=Conus litteratus OX=89445 PE=3 SV=1,9.765197,8.977999,4.338757
AVS,sp|Q1A3R0|CT55_CONLT Conotoxin Lt5.5 OS=Conus litteratus OX=89445 PE=3 SV=1,11.126278,11.816648,5.285549
AVT,sp|Q1A3R3|CT51_CONLT Conotoxin Lt5.1 OS=Conus litteratus OX=89445 PE=3 SV=1,11.341475,12.137662,5.77506
AVU,sp|Q2I2P1|CON1_CONLT Contulakin-Lt1 OS=Conus litteratus OX=89445 PE=2 SV=1,9.568185,5.002925,5.201359
AVV,sp|Q2I2P2|CON2_CONLT Contulakin-Lt2 OS=Conus litteratus OX=89445 PE=2 SV=1,9.155777,4.937226,5.814826
AVW,sp|Q2I2P3|COW1_CONLT Contryphan-Lt OS=Conus litteratus OX=89445 PE=3 SV=1,10.718107,5.980303,5.0709906
AVX,sp|Q2I2P4|CP9A_CONLT Conotoxin Lt9a OS=Conus litteratus OX=89445 PE=1 SV=1,10.517619,2.7666347,0.5999156
AVY,sp|Q2I2Q1|M35_CONLT Conotoxin Lt3.5 OS=Conus litteratus OX=89445 PE=2 SV=1,10.726516,6.6904945,2.9618714
AVZ,sp|Q2I2Q2|CM34_CONLT Conotoxin Lt3.4 OS=Conus litteratus OX=89445 PE=3 SV=1,9.9914875,6.5855584,1.9678736
AWA,sp|Q2I2Q3|CM33_CONLT Conotoxin Lt3.3 OS=Conus litteratus OX=89445 PE=3 SV=1,10.262621,6.7401333,2.3259583
AWB,sp|Q2I2Q4|CM32_CONLT Conotoxin Lt3.2 OS=Conus litteratus OX=89445 PE=3 SV=1,10.000612,6.53114,2.3687036
AWC,sp|Q2I2Q6|CO2FA_CONLT Conotoxin Lt15a OS=Conus litteratus OX=89445 PE=2 SV=1,9.224939,3.6495569,0.82131994
AWD,sp|Q2I2Q9|O271_CONLT Conotoxin Lt7.1 OS=Conus litteratus OX=89445 PE=2 SV=1,9.596384,1.7239795,1.364575
AWE,sp|Q2I2R0|O165_CONLT Conotoxin Lt6.5 OS=Conus litteratus OX=89445 PE=2 SV=1,10.127067,2.1682181,0.3290137
AWF,sp|Q2I2R1|O164_CONLT Conotoxin Lt6.4 OS=Conus litteratus OX=89445 PE=2 SV=1,10.068793,2.2684314,0.32335228
AWG,sp|Q2I2R2|O163_CONLT Conotoxin Lt6.3 OS=Conus litteratus OX=89445 PE=2 SV=1,10.163941,3.3383,-0.13996693
AWH,sp|Q2I2R3|O162_CONLT Conotoxin Lt6.2 OS=Conus litteratus OX=89445 PE=2 SV=1,9.749567,3.6792462,0.5645012
AWI,sp|Q2I2R4|O161_CONLT Conotoxin Lt6.1 OS=Conus litteratus OX=89445 PE=2 SV=1,9.117411,3.3411393,0.9062862
AWJ,sp|Q3YED3|O373_CONLI Conotoxin LiCr173 OS=Conus lividus OX=89426 PE=1 SV=2,9.476105,5.107733,3.3899727
AWK,sp|Q3YED6|O167_CONMR Omega-conotoxin-like MaIr137 OS=Conus marmoreus OX=42752 PE=2 SV=1,11.01335,0.7600413,1.4701518
AWL,sp|Q3YEE2|O16H_CONCE Conotoxin CaHr91 OS=Conus capitaneus OX=89439 PE=2 SV=1,8.745587,3.2329206,0.5061175
AWM,sp|Q3YEE3|O162_CONMI Conotoxin MiEr92 OS=Conus miles OX=69564 PE=2 SV=1,9.243714,3.6177185,0.32583693
AWN,sp|Q3YEE4|O169_CONMI Conotoxin MiEr93 OS=Conus miles OX=69564 PE=2 SV=1,9.575304,3.394343,-0.023423715
AWO,sp|Q3YEE5|O165_CONMI Conotoxin MiEr95 OS=Conus miles OX=69564 PE=2 SV=1,8.704811,3.0043967,0.31505656
AWP,sp|Q3YEE6|O165_CONLI Conotoxin LiCr95 OS=Conus lividus OX=89426 PE=2 SV=1,10.06113,3.954855,-0.110181
AWQ,sp|Q3YEF0|O379_CONCB Conotoxin CaFr179 OS=Conus caracteristicus OX=89440 PE=1 SV=1,9.840274,5.275906,3.3940675
AWR,sp|Q3YEF3|O1661_CONTE Omega-conotoxin-like TeA61 OS=Conus textile OX=6494 PE=2 SV=1,10.671583,0.13758422,0.22770922
AWS,sp|Q3YEF7|O2651_CONLT Conotoxin LeD51 OS=Conus litteratus OX=89445 PE=2 SV=1,9.673969,2.3997004,1.3712791
AWT,sp|Q3YEF8|O265_CONLI Conotoxin LiC53 OS=Conus lividus OX=89426 PE=2 SV=1,9.57106,1.684534,1.2608327
AWU,sp|Q3YEF9|O264_CONBE Conotoxin Bt6.6 OS=Conus betulinus OX=89764 PE=2 SV=1,9.409454,1.7114121,1.1562032
AWV,sp|Q3YEG0|O253_CONTE Gamma-conotoxin-like TeA53 OS=Conus textile OX=6494 PE=2 SV=1,9.121361,2.077631,1.3451879
AWW,sp|Q3YEG3|O1642_CONMI Conotoxin MiK42 OS=Conus miles OX=69564 PE=2 SV=1,9.344921,3.4476876,0.4178503
AWX,sp|Q3YEG4|O1641_CONMI Conotoxin MiK41 OS=Conus miles OX=69564 PE=3 SV=2,10.276459,4.1148057,-0.29370725
AWY,sp|Q3YEG6|O162_CONLI Conotoxin LiC42 OS=Conus lividus OX=89426 PE=2 SV=1,9.058843,3.1322777,0.3237972
AWZ,sp|Q3YEG7|O165_CONBE Conotoxin Bt6.5 OS=Conus betulinus OX=89764 PE=2 SV=1,9.862892,3.6135046,0.031254563
AXA,sp|Q3YEG9|CT121_CONLI Conotoxin LiC121 OS=Conus lividus OX=89426 PE=3 SV=1,11.486994,11.184382,5.301639
AXB,sp|Q3YEH0|CT243_CONLT Conotoxin LeDr243 OS=Conus litteratus OX=89445 PE=2 SV=1,11.521686,10.453157,6.4963083
AXC,sp|Q3YEH1|CT192_CONLT Conotoxin LeDr192 OS=Conus litteratus OX=89445 PE=2 SV=1,10.969109,10.599416,6.1752973
AXD,sp|Q3YEH2|CT593_CONTE Conotoxin TeAr193 OS=Conus textile OX=6494 PE=1 SV=1,11.483797,11.038655,5.906563
AXE,sp|Q3YEH3|CT53_CONLT Conotoxin Lt5.3 OS=Conus litteratus OX=89445 PE=3 SV=1,11.471086,10.638235,5.6318836
AXF,sp|Q3YEH4|CT33_CONLI Conotoxin LiC33 OS=Conus lividus OX=89426 PE=2 SV=1,11.145411,10.927739,5.214829
AXG,sp|Q3YEH6|CT34_CONBE Conotoxin Bt5.1 OS=Conus betulinus OX=89764 PE=2 SV=1,11.403056,10.313736,5.8494463
AXH,sp|Q45RU7|CS_CONST Conotoxin (Fragment) OS=Conus striatus OX=6493 PE=2 SV=1,5.560585,5.8689904,3.025783
AXI,sp|Q5EHP1|CM31_CONQU Conotoxin Qc3.1 OS=Conus quercinus OX=101313 PE=2 SV=1,10.11158,6.568713,2.5392873
AXJ,sp|Q5EHP2|CM38_CONMR Conotoxin Mr3.8 OS=Conus marmoreus OX=42752 PE=3 SV=1,9.897553,6.615174,2.7696168
AXK,sp|Q5EHP4|CM32_CONLE Conotoxin Lp3.2 OS=Conus leopardus OX=101306 PE=3 SV=1,10.226253,6.630327,2.3574512
AXL,sp|Q5I2P0|CM31_CONLE Conotoxin Lp3.1 OS=Conus leopardus OX=101306 PE=3 SV=1,10.287481,6.4660997,2.7585747
AXM,sp|Q5K0B9|O162_CONIM Omega-conotoxin-like 2/7 OS=Conus imperialis OX=35631 PE=2 SV=1,10.428836,1.0771271,1.4751256
AXN,sp|Q5K0C0|O163_CONIM Omega-conotoxin-like 3 OS=Conus imperialis OX=35631 PE=2 SV=1,10.38058,1.141851,1.3526032
AXO,sp|Q5K0D2|O19_CONST Omega-conotoxin-like 9 OS=Conus striatus OX=6493 PE=2 SV=1,10.181729,1.3505918,0.38067257
AXP,sp|Q5K0D3|O16L6_CONST Omega-conotoxin-like 6 OS=Conus striatus OX=6493 PE=2 SV=1,10.358986,3.912237,0.42343482
AXQ,sp|Q5K0D5|O16F_CONST Omega-conotoxin-like 15 OS=Conus striatus OX=6493 PE=2 SV=1,10.340436,3.737794,-0.8918296
AXR,sp|Q5K0D6|O16C_CONST Omega-conotoxin-like 12 OS=Conus striatus OX=6493 PE=2 SV=1,10.399942,3.4419346,0.5070326
AXS,sp|Q5K0D7|O163_CONST Conotoxin 3 OS=Conus striatus OX=6493 PE=2 SV=1,10.43679,3.5883517,-0.24845403
AXT,sp|Q5K0D8|O162_CONST Omega-conotoxin-like 2 OS=Conus striatus OX=6493 PE=2 SV=1,10.35352,3.4211292,0.20488313
AXU,sp|Q68IP5|CT54B_CONMR Conotoxin mr5.4b (Fragment) OS=Conus marmoreus OX=42752 PE=2 SV=1,9.380899,7.260432,3.7449603
AXV,sp|Q6PN80|CT52_CONLE Conotoxin Lp5.2 OS=Conus leopardus OX=101306 PE=3 SV=1,9.937535,8.830716,4.713025
AXW,sp|Q6PN81|CT51_CONLE Conotoxin Lp5.1 OS=Conus leopardus OX=101306 PE=3 SV=1,11.144528,11.918546,5.7073507
AXX,sp|Q6PN82|CT54A_CONMR Conotoxin mr5.4a OS=Conus marmoreus OX=42752 PE=2 SV=1,11.567976,11.721623,6.509041
AXY,sp|Q6PN85|CT51B_CONMR Conotoxin mr5.1b OS=Conus marmoreus OX=42752 PE=2 SV=1,10.8266945,10.61635,5.6664705
AXZ,sp|Q6PN86|CT51A_CONMR Conotoxin mr5.1a OS=Conus marmoreus OX=42752 PE=2 SV=1,11.027432,10.7180395,5.6430874
AYA,sp|Q6PTD0|CT52_CONMI Conotoxin Mi5.2 OS=Conus miles OX=69564 PE=3 SV=1,11.510989,10.291492,5.3950353
AYB,sp|Q6PTD7|CA11A_CONQU Alpha-conotoxin-like Qc1.1a OS=Conus quercinus OX=101313 PE=3 SV=1,8.208703,5.1182265,6.8970957
AYC,sp|Q7Z090|I1B3_CONRA Iota-conotoxin-like R11.3 OS=Conus radiatus OX=61198 PE=2 SV=2,10.441796,3.8834865,0.71696854
AYD,sp|Q7Z093|I1BH_CONRA Iota-conotoxin-like R11.17 OS=Conus radiatus OX=61198 PE=2 SV=1,1.322352,0.5171061,-0.76059175
AYE,sp|Q7Z095|I1B7_CONRA Iota-conotoxin-like R11.7 OS=Conus radiatus OX=61198 PE=2 SV=1,1.1323165,0.37679282,-0.63639516
AYF,sp|Q7Z097|I1BI_CONRA Iota-conotoxin-like R11.18 (Fragment) OS=Conus radiatus OX=61198 PE=2 SV=1,1.7656721,0.576374,-0.30433023
AYG,sp|Q7Z098|I1B5_CONRA Iota-conotoxin-like R11.5 (Fragment) OS=Conus radiatus OX=61198 PE=2 SV=1,1.6705973,0.83546627,-0.25119156
AYH,sp|Q7Z099|I1B2_CONRA Iota-conotoxin-like R11.2 (Fragment) OS=Conus radiatus OX=61198 PE=2 SV=1,1.8539393,0.60213983,-0.14998631
AYI,sp|Q7Z0A0|I1BV_CONRA Iota-conotoxin-like R11.11 (Fragment) OS=Conus radiatus OX=61198 PE=2 SV=1,1.4827013,0.71249163,-0.76031816
AYJ,sp|Q7Z0A1|I1BG_CONRA Iota-conotoxin-like R11.16 OS=Conus radiatus OX=61198 PE=2 SV=1,1.3910269,1.0227196,-0.5529451
AYK,sp|Q7Z0A2|I1BF_CONRA Iota-conotoxin-like R11.15 OS=Conus radiatus OX=61198 PE=2 SV=1,1.7305024,1.1846545,-0.7428722
AYL,sp|Q7Z0A3|I1BX_CONRA Iota-conotoxin-like R11.13 (Fragment) OS=Conus radiatus OX=61198 PE=2 SV=1,1.6545331,0.8529472,-0.7484279
AYM,sp|Q7Z0A4|I1BW_CONRA Iota-conotoxin-like R11.12 (Fragment) OS=Conus radiatus OX=61198 PE=2 SV=1,1.9100426,0.8662468,-0.6211412
AYN,sp|Q7Z0A5|I1BU_CONRA Iota-conotoxin-like R11.10 (Fragment) OS=Conus radiatus OX=61198 PE=2 SV=1,1.8027321,0.9770385,-0.82995456
AYO,sp|Q7Z0A6|I1B1_CONRA Iota-conotoxin-like R11.1 OS=Conus radiatus OX=61198 PE=2 SV=1,1.7771374,1.320702,-0.6450223
AYP,sp|Q9BH21|CT21_CONTE Conotoxin Tx-D021 OS=Conus textile OX=6494 PE=3 SV=1,12.107874,10.734586,6.4911127
AYQ,sp|Q9BH75|CT011_CONTS Conotoxin Ts-011 OS=Conus tessulatus OX=101317 PE=3 SV=1,11.386781,11.100714,6.5049605
AYR,sp|Q9BH79|CT53_CONAE Conotoxin Ar5.3 OS=Conus arenatus OX=89451 PE=3 SV=1,10.501411,9.299179,4.8532324
AYS,sp|Q9BH81|CT52_CONAE Conotoxin ArMLCL-012 OS=Conus arenatus OX=89451 PE=3 SV=1,10.473957,9.112351,4.684641
AYT,sp|Q9BH84|O162_CONAE Omega-conotoxin-like ArMKLT1-011 OS=Conus arenatus OX=89451 PE=2 SV=1,11.062651,1.3012135,1.5155663
AYU,sp|Q9BH86|CT14_CONPE Conotoxin Pn-014 OS=Conus pennaceus OX=37335 PE=3 SV=1,11.46274,10.804526,6.5134325
AYV,sp|Q9BHA0|O26M_CONTE Gamma-conotoxin-like TxMEKL-0511 OS=Conus textile OX=6494 PE=2 SV=1,9.415157,1.809898,1.2885345
AYW,sp|Q9BHA6|CT51_CONAE Conotoxin Ar5.1 a OS=Conus arenatus OX=89451 PE=3 SV=1,9.7254715,8.171875,4.1555157
AYX,sp|Q9BP46|CT55_CONTS Conotoxin Ts5.5 (Fragment) OS=Conus tessulatus OX=101317 PE=2 SV=1,7.9199033,7.049812,3.77069
AYY,sp|Q9BP47|CT54_CONAE Conotoxin Ar5.4 (Fragment) OS=Conus arenatus OX=89451 PE=2 SV=1,8.387783,7.5643063,3.8144603
AYZ,sp|Q9BP51|CT51B_CONAE Conotoxin Ar5.1 b OS=Conus arenatus OX=89451 PE=3 SV=1,9.62475,8.184491,4.144976
AZA,sp|Q9BP99|O163_CONAE Omega-conotoxin-like ArMKLT1-02 OS=Conus arenatus OX=89451 PE=2 SV=1,10.821857,0.38937506,0.6444524
AZB,sp|Q9BPA5|O168_CONVE Omega-conotoxin-like VnMKLT1-0111 OS=Conus ventricosus OX=117992 PE=2 SV=1,10.798818,1.2069931,1.5400938
AZC,sp|Q9BPB0|O2653_CONTE Gamma-conotoxin-like TxMEKL-053 OS=Conus textile OX=6494 PE=2 SV=1,9.30478,2.011604,1.2990153
AZD,sp|Q9BPD9|CT54_CONTS Conotoxin TsMLCL-04 OS=Conus tessulatus OX=101317 PE=3 SV=1,10.058292,8.922549,4.312219
AZE,sp|Q9BPE0|CT56_CONVE Conotoxin Vn5.6 OS=Conus ventricosus OX=117992 PE=3 SV=1,10.174611,9.2376995,4.7659698
AZF,sp|Q9BPE1|CT55_CONVE Conotoxin Vn5.5 OS=Conus ventricosus OX=117992 PE=3 SV=1,10.292722,9.244522,4.7138515
AZG,sp|Q9BPE2|CT52_CONPE Conotoxin PnMLCL-01 OS=Conus pennaceus OX=37335 PE=3 SV=1,10.380287,9.024568,4.6434364
AZH,sp|Q9BPE3|CT53_CONTS Conotoxin TsMLCL-03 OS=Conus tessulatus OX=101317 PE=3 SV=1,9.801381,8.61974,4.4454217
AZI,sp|Q9BPE4|CT5C_CONTS Conotoxin Ts-011 OS=Conus tessulatus OX=101317 PE=3 SV=1,11.721398,10.882994,6.1590295
AZJ,sp|Q9BPE5|CT52_CONTS Conotoxin TsMRCL-05 OS=Conus tessulatus OX=101317 PE=3 SV=1,11.640436,10.500217,6.424826
AZK,sp|Q9BPE6|CT5B_CONTS Conotoxin Ts-011 OS=Conus tessulatus OX=101317 PE=3 SV=1,11.682647,11.048415,5.9120364
AZL,sp|Q9BPE7|CT411_CONPE Conotoxin Pn-B01411 OS=Conus pennaceus OX=37335 PE=3 SV=1,11.30435,10.212907,6.039389
AZM,sp|Q9BPE9|CTA1_CONPE Chi-conotoxin-like PnMRCL-013 OS=Conus pennaceus OX=37335 PE=1 SV=1,11.998703,10.708269,6.1969995
AZN,sp|Q9BPF1|CT122_CONPE Conotoxin Pn-B01122 OS=Conus pennaceus OX=37335 PE=3 SV=1,11.47325,12.179918,6.3481455
AZO,sp|Q9BPF2|CT05_CONVE Conotoxin Vn-05 OS=Conus ventricosus OX=117992 PE=3 SV=1,11.639003,10.356637,5.891141
AZP,sp|Q9BPF3|CT121_CONPE Conotoxin Pn-B01121 OS=Conus pennaceus OX=37335 PE=3 SV=1,11.665955,11.748218,6.467948
AZQ,sp|Q9BPF4|CT511_CONPE Conotoxin PnMRCL-0111 OS=Conus pennaceus OX=37335 PE=3 SV=1,11.726223,10.622174,5.949763
AZR,sp|Q9BPF5|CT51_CONTS Conotoxin TsMRCL-04 OS=Conus tessulatus OX=101317 PE=3 SV=1,11.52477,11.106035,5.4195747
AZS,sp|Q9BPF6|CT03_CONTS Conotoxin Ts-03 OS=Conus tessulatus OX=101317 PE=3 SV=1,11.65161,11.366328,5.295505
AZT,sp|Q9BPF7|CT54_CONVE Conotoxin VnMRCL-04 OS=Conus ventricosus OX=117992 PE=3 SV=1,11.478032,10.343501,6.2206807
AZU,sp|Q9BPF8|CT5_CONPE Conotoxin PnMRCL-0111 OS=Conus pennaceus OX=37335 PE=3 SV=1,11.700279,10.723209,5.883049
AZV,sp|Q9BPF9|CT54_CONTE Conotoxin TxMRCL-04 OS=Conus textile OX=6494 PE=3 SV=1,11.99113,11.250473,6.4365773
AZW,sp|Q9BPG0|CT151_CONPE Conotoxin Pn-B0151 OS=Conus pennaceus OX=37335 PE=3 SV=1,11.717857,11.769421,6.4375196
AZX,sp|Q9BPG1|CT53B_CONVE Conotoxin Vn5.3 OS=Conus ventricosus OX=117992 PE=3 SV=1,11.384079,12.13141,5.4432364
AZY,sp|Q9BPG2|CT53A_CONVE Conotoxin Vn5.3 OS=Conus ventricosus OX=117992 PE=3 SV=1,11.240621,11.974532,5.3743715
AZZ,sp|Q9BPG3|CT52_CONVE Conotoxin VnMRCL-011 OS=Conus ventricosus OX=117992 PE=3 SV=1,11.218726,11.894869,5.506365
BAA,sp|Q9BPG5|CT51_CONVE Conotoxin VnMRCL-012 OS=Conus ventricosus OX=117992 PE=3 SV=1,11.451123,11.707649,5.434035
BAB,sp|Q9BPG7|CT111_CONTE Conotoxin Tx-D0111 OS=Conus textile OX=6494 PE=1 SV=1,11.181982,11.630324,5.866849
BAC,sp|Q9BPG8|CT02_CONPE Conotoxin Pn-B02 OS=Conus pennaceus OX=37335 PE=3 SV=1,11.199354,10.620923,5.745247
BAD,sp|Q9BPH0|CT512_CONTE Conotoxin TxMRCL-D012 OS=Conus textile OX=6494 PE=3 SV=1,11.447231,11.561512,5.873666
BAE,sp|Q9BPH2|CT5M_CONPE Conotoxin PnMRCL-022 OS=Conus pennaceus OX=37335 PE=3 SV=1,11.273798,12.117243,6.109196
BAF,sp|Q9U644|O1631_CONTE Omega-conotoxin-like TxMKLT1-031 OS=Conus textile OX=6494 PE=2 SV=1,10.334133,0.22419864,0.69672227
BAG,sp|Q9U645|O16L_CONTE Omega-conotoxin-like TxMKLT1-0223 OS=Conus textile OX=6494 PE=2 SV=1,10.878128,0.986486,1.6533852
BAH,sp|Q9U647|O194_CONTE Omega-conotoxin-like TeAr94 OS=Conus textile OX=6494 PE=2 SV=1,11.567674,0.5872404,1.1009467
BAI,sp|Q9U648|O16M_CONTE Omega-conotoxin-like TxMKLT1-0211 OS=Conus textile OX=6494 PE=2 SV=1,11.354766,0.57610875,1.1958435
BAJ,sp|Q9U650|O162_CONTE Omega-conotoxin-like TxMKLT1-0142 OS=Conus textile OX=6494 PE=2 SV=1,10.512497,0.23454672,0.013998897
BAK,sp|Q9U651|O161_CONTE Omega-conotoxin-like TxMKLT1-0141 OS=Conus textile OX=6494 PE=2 SV=1,10.534065,0.28694484,0.21918827
BAL,sp|Q9U654|O16K_CONTE Omega-conotoxin-like TxO5 OS=Conus textile OX=6494 PE=2 SV=1,11.025711,0.7301775,0.80365366
BAM,sp|Q9U656|O1613_CONTE Delta-conotoxin-like TxMKLT1-0111 OS=Conus textile OX=6494 PE=2 SV=1,10.743004,0.86710465,0.25966704
BAN,sp|Q9U657|O1614_CONPE Mu-conotoxin-like PnMKLT1-014 OS=Conus pennaceus OX=37335 PE=2 SV=1,10.362486,0.48904887,1.2758175
BAO,sp|Q9U6Z5|CT51_CONIM Conotoxin Im5.1 OS=Conus imperialis OX=35631 PE=3 SV=1,11.255603,10.450538,5.169625
BAP,sp|Q9U6Z8|CT52_CONGL Conotoxin Gm5.2 OS=Conus gloriamaris OX=37336 PE=3 SV=1,11.984126,10.872253,6.0294023
BAQ,sp|Q9U6Z9|CT51_CONGL Conotoxin Gm5.1 OS=Conus gloriamaris OX=37336 PE=3 SV=1,10.820381,11.143383,5.6723895
BAR,sp|Q9U700|CT51_CONTE Conotoxin Tx5.1 OS=Conus textile OX=6494 PE=1 SV=1,11.568376,11.260243,5.6116505
BAS,sp|Q9XYZ0|O161A_CONPL Omega-conotoxin-like PuIA OS=Conus pulicarius OX=93154 PE=2 SV=1,10.675932,0.547143,0.63710064
BAT,sp|Q9XYZ1|O162A_CONPL Omega-conotoxin-like PuIIA OS=Conus pulicarius OX=93154 PE=2 SV=1,10.465394,3.7311456,-0.34301013
BAU,sp|Q9XZK3|O164_CONST Omega-conotoxin-like SO-4 OS=Conus striatus OX=6493 GN=SO4 PE=2 SV=1,10.311407,3.357646,0.40458098
BAV,sp|Q9XZK4|O165_CONST Omega-conotoxin-like SO-5 OS=Conus striatus OX=6493 GN=SO5 PE=2 SV=1,10.506535,3.7955627,0.12973379
BAW,sp|Q9XZK7|CA2_CONTE Alpha-conotoxin-like Tx2 OS=Conus textile OX=6494 PE=3 SV=1,8.6202345,5.525643,6.0113435
BAX,sp|Q9XZK8|O1X1_CONTE Omega-conotoxin-like TxO1 OS=Conus textile OX=6494 PE=1 SV=1,10.610361,0.14835697,0.10419388
BAY,sp|Q9XZK9|O16O2_CONTE Omega-conotoxin-like TxO2 OS=Conus textile OX=6494 PE=1 SV=1,11.588429,0.40512905,1.2448342
BAZ,sp|Q9XZL0|O163_CONTE Omega-conotoxin-like TxO3 OS=Conus textile OX=6494 GN=TXO3 PE=2 SV=1,11.496508,0.577107,1.2837377
BBA,sp|Q9XZL2|O165_CONTE Omega-conotoxin-like TxO5 OS=Conus textile OX=6494 GN=TXO5 PE=2 SV=1,11.101614,0.8498088,0.97315603
BBB,sp|Q9XZL3|O16O6_CONTE Omega-conotoxin-like TxO6 OS=Conus textile OX=6494 PE=1 SV=1,10.449956,0.08719591,0.7418695
BBC,sp|S4UKA9|I1B3_CONTE Conotoxin Tx11.3 OS=Conus textile OX=6494 PE=1 SV=1,10.646137,3.8135903,0.8067314
BBD,sp|X5IFZ1|CAI19_CONGE Conotoxin G1.9 OS=Conus geographus OX=6491 PE=3 SV=1,9.043286,5.17745,3.3434548
BBE,sp|Q45RU8|C51_CONST Conotoxin S5.1 (Fragment) OS=Conus striatus OX=6493 PE=2 SV=1,6.9625807,6.688293,3.6841063
