type,uid,seq
class1a,527102719|Psr-LNTX,RTCLKTPEVKSEPCPPGQNLCYTKSWCDRFCSSRGKVIELGCAATCPTVKPGVDITCCSTDDCNTHP
class1a,476539400|3FTx-Psm-78,RTCFKTPYVKSEPCPPGQEVCYTKTWCDSFCSLRGKVVELGCAATCPPAGPKEDVTCCSTDNCNTHP
class1a,476538186|Acw3FTx-Aca-18,MTCFKTPYVKSEPCPPGENVCVTKTWCDAFCSIRGKVIELGCAATCPPAEPKKDIKCCSTDNCNTHP
class1a,476538180|Acw3FTx-Aca-53,KTCFKTPYVKSEPCPPGQDLCYTKTWCDAFCSIRGKVIELGCAATCPPAEPKKDIKCCSTDNCNTHP
class1a,476538178|Acw3FTx-Aca-54,KTCFKTPYVKSEPCPPGQDLCYTKTWCDAFCSIRGKVIELGCAATCPPAEPKKDIKCCSTDNCNTHP
class1a,238928344|DrycnLNTX-178R,FSCHKTPYVKSEPCAPGENLCYTKSWCDAFCSIRGKVIELGCAATCPPAEPKKDITCCSTDNCNTHP
class1a,238928334|DrycnLNTX-31,FSCYKTPYVKSEPCAPGENLCYTKSWCDAFCSIRGKVIELGCAATCPPAEPKKDITCCSTDNCNTHP
class1a,238928338|DrycnLNTX-472,FSCYKTPYVKSEPCAPGENLCYTKSWCDRFCSIRGKVIELGCAATCPPAEPKKDITRCSTDNCNTHP
class1a,238928328|DrycnLNTX-291,FSRYKTPYVKSEPCAPGENLCYTKSWCDRFCSIRGKVIELGCAATCPPAEPKKDITCCSTDNCNTHP
class1a,238928346|DrycnLNTX-193R,FSCYKTPYVKSEPCAPGENLCYTKSWCDRFCSIRGKVIELGCAATCPPAEPKKDITCCSTDNCNTHP
class1a,238928330|DrycnLNTX-20,FSCYKTPYVKSEPCAPGENLCYTKSWCDRFCSIRGKVIELGCAATCPPAEPKKDITCCSTDNCNTHP
class1a,32140573|LatlatLNTX,RICFKTPYVKSETCPPGQELCYTKTWCDRFCSIRGKVIELGCTATCPRAEPKEDTTCCSKDNCNPHP
class1a,161138396|AuslabLNTX,FLCYKTPHVKSEPCAPGQNLCYTKTWCDRFCSIRGKVIELGCAATCPPAEPKKGITCCSTDNCNPHP
class1a,161138394|AuslabLNTX,FSCYKTPHVKSEPCAPGQNLCYTKTWCDRLCSIRGKVIELGCAATCPPAEPKKDITCCSTDNCNPHP
class1a,161138392|AuslabLNTX,FSCYKTPHVKSEPCAPGQNLCYTKTWCDRFCSIRGKVIELGCAATCPPAEPKKDITCCSTDSCNPHP
class1a,161138390|AuslabLNTX,FSCYKTPHVKSEPCAPGQNLCYTRTWCDRFCSIRGKVIELGCAATCPPAEPKKDITCCSTDNCNPHP
class1a,161138388|AuslabLNTX,FSCYKTPHVKSEPCAPGQNLCYTKTWCDRFCSIRLKVIELGCAATCPPAEPKKDITCCSTDNCNPHP
class1a,161138386|AuslabLNTX,FSCYKTPHVKSEPCAPGQNLCYTKTWCDRFCSIRGKVIELGCAATCPPAEPKKDITCCSTDNCSPHP
class1a,161138384|AuslabLNTX,FSCYKTPHVKSEPCAPGQNLCYTKTWCDRFCSIRGKVIELGCAATCPPAEPKKDITCCSTDNCNPHP
class1a,161138382|AuslabLNTX,FSCYKTPHVKSEPCAPGQNLCYTKTWCDRFCSIRGKVIELGCAATCSPAEPKKDITCCSTDNCNPHP
class1a,161138380|AuslabLNTX,FSCYKTPHVKSEPCAPGQNLCYTKTWCDRFCSIRGKVIELGCAATCPPAEPKKDITCCSTDNCNPHP
class1a,161138376|AuslabLNTX,FSCYKTPDVKSEPCAPGENLCYTKTWCDRFCSIRGKVIELGCAATCPPAEPKKNITCCSTDNCNPHP
class1b,3551477|LsIIILTXisform,RECYLNPHDTQTCPSGQEKCYVKSWCNAWCSSRGKVLEFGCAATCPSVNTGTEIKCCSADKCNTYP
class1b,4519881|LlSNTX,RECYLNPHDTQTCPSGQEICYVKSWCNAWCSSRGKVLEFGCAATCPSVNTGTEIKCCSADKCNTYP
class1b,476539412|3FTx-Psm-110,RTCLTTPGFLSKPCPSGQEVCYTKAWCNEWCPDRGKQVEMGCAAICPSVKPKEDITCCSEDNCNPRP
class1b,118151697|LPsaLNTX-ID,LTCYKGRDRSSETCRSEQELCCTKTWCDQWCQDRGPRLEMGCTATCPRRMPGLDFTCCTTDNCNPVPT
class2a,161138378|AuslabLNTX,FSCYKTPDVKSEPCAPGENLCYTKTWCDRFCSIRGKVIELGCAATCPPAEPRKDITCCSTDNCNPHPAH
class2a,158262796|AussupLNTX,FSCYKTPDVKSEPCAPGENLCYTKTWCDRFCSIRGKVIELGCAATCPPAEPRKDITCCSTDNCNPHPAH
class2a,254772667|AussupLNTX,FSCYKTPDVKSEPCAPGENLCYTKTWCDRFCSIRGKVIELGCAATCPPAEPRKDITCCSTDNCNPHPAH
class2a,238928326|DrycnLNTX-77,LICYMGPKTPRTCPPGENLCYTKTWCDAFCSIRGRRVDLGCAATCPTAKPGVDITCCSTDKCNPHPAHQSR
class2a,238928342|DrycnLNTX-98R,LICYQAYNTPQTCAPGENLCYTKTWCDAFCSIRGRRVDLGCAATCPTAKPGVDITCCSTDKCNPHPAHQSR
class2a,128921|AspscuLNTX,RICYIAPYDHKTCAAGENICYLKAWCDAWCSSRGKKLEFGCAATCPTVKPGVDISCCDTDNCNPHPKL
class2a,51105370|OphhaLNTX-OH-37,LICFISPHDSVTCAPGENVCFLKSWCDAWCGSRGKKLSFGCAATCPKVNPGIDIECCSTDNCNPHPKLRP
class2a,82570080|OphhaLNTX28,LICFISSHDSVTCAPGENVCFLKSWCDAWCGSRGKKLSFGCAATCPRVNPGIDIECCSTDNCNPHPKLRP
class2a,82570074|OphhaLNTX3,LICFISSHDSVTCAPGENVCFLKSWCDAWCGSRGKKLSFGCAATCPKVNPGIDIECCSTDNCNPHPKLRP
class2a,51105368|OphhaLNTX-OH-3,LICFISSHDSVTCAPGENVCFLKSWCDAWCGSRGKKLSFGCAATCPKVNPGIDIECCSTDNCNPHPKLRP
class2a,51105376|OphhaLNTX-OH-57,RICHKSSFISETCPDGQNLCYLKSWCDIFCGSRGERLEFGCAATCPEVKPGVNIECCSTDNCNPHPKLRP
class2a,5305769|BMNTxpre,IVCHTTATSPISAVTCPPGENLCYRKMWCDVFCSSRGKVVELGCAATCPSKKPYEEVTCCSTDRCNPHPKQRPG
class2a,5689595|BMalphaV31,IVCHTTATSPISAVTCPPGENLCYRKMWCDVFCSSRGKVVELGCAATCPSKKPYEEVTCCSTDKCNPHPKQRPG
class2a,24459177|BCalpha,IVCHTTATSPISAVTCPPGENLCYRKMWCDAFCSSRGKVVELGCAATCPSKKPYEEVTCCSTDKCNPHPKQRPG
class2a,5689597|BMalphaA31,IVCHTTATSPISAVTCPPGENLCYRKMWCDAFCSSRGKVVELGCAATCPSKKPYEEVTCCSTDKCNPHPKQRPG
class2a,3355326|BMalpha-btx,IVCHTTATSPISAVTCPPGENLCYRKMWCDAFCSSRGKVVELGCAATCPSKKPYEEVTCCSTDKCNPHPKQRPG
class2a,332319760|BuncanEPTX-Bc2a,LLCYKTPSPINAETCPPGENLCYTKMWCDAWCSSRGKVIELGCAATCPSKKPYEEVTCCSTDKCNPHPKQRPG
class2a,332319762|Buncanad-Btx-3,LLCYKTPSPINAETCPPGENLCYTKMWCDAWCSSRGKVVELGCAATCPSKKPYEEVTCCSTDKCNPHPKQRPD
class2a,332319761|Buncanad-Btx-2,LLCYKTPIPINAETCPPGENLCYTKMWCDIWCSSRGKVVELGCAATCPSKKPYEEVTCCSTDKCNPHPKQRPD
class2a,476539414|3FTx-Psm-89,RTCYKTPAPVRPGPCPPGQEICYTKTWCDEWCGIRGKVIELGCAATCPTPEKTSIQVTCCSTDRCNPHPKQKPH
class2a,128934|NajoxiNno2a,ITCYKTPIPITSETCAPGQNLCYTKTWCDAWCGSRGKVIELGCAATCPTVESYQDIKCCSTDDCNPHPKQKRP
class2a,238928324|DrycnLNTX-73,LICYQAYNTPQTCAPGENLCYTKTWCDYWCHVKGKRIDLGCAATCPTAKPGEDVTCCSRDKCNPHPLQRPR
class2a,238928336|DrycnLNTX-29b,LICYLGYNNPQTCAPGQNLCYTKKWCDAFCLQRGKVIQLGCAATCPTAKPGEDVTCCSRDKCNPHPLQRPR
class2a,238928322||DrycnLNTX-67,LICYLGYNNPQTCAPGQNLCYTKKWCDAFCLQRGKVIQLGCAATCPTTKPYEEVTCCSRDKCNPHPAQRSR
class2a,238928318|DrycnLNTX-620,LICYLGYNNPQTCAPGQNLCYTKKWCDAFCLQRGKVIQLGCAATCPTTKPCEEVTCCSRDKCNPHPAQRSR
class2a,238928332|DrycnLNTX-469,LICYLGYNNPQTCAPGQNLCYTKKWCDAFCLQRGKVIQLGCAATCPTTKPYEEVTCCSRDKCNPHPAQRSR
class2a,128931|NajmelLNTX1,KRCYRTPDLKSQTCPPGEDLCYTKKWCADWCTSRGKVIELGCVATCPKVKPYEQITCCSTDNCNPHPKMKP
class2a,128951|OphhanLNTX-4,TKCYKTGDRIISEACPPGQDLCYMKTWCDVFCGTRGRVIELGCTATCPTVKPHEQITCCSTDNCNPHPKMKQ
class2a,2500806|OphhanOH-5,TKCYKTGDRIISEACPPGQDLCYMKTWCDVFCGTRGRVIELGCTATCPTVKPHEQITCCSTDNCDPHHKMLQ
class2a,82570082|OphhaLNTX37,TKCYKTGERIISETCPPGQDLCYMKTWCDVFCGSRGRVIELGCTATCPTVKHHEQITCCSTDNCNPHPKMKQR
class2a,82570076|OphhaLNTX8,TKCYKTGERIISETCPPGQDLCYMKTWCDVFCGSRGRVVELGCTATCPTVKPHEQITCCSTDNCNPHPKMKQR
class2a,82570072|OphhaLNTX1,TKCYKTGERIISETCPPGQDLCYMKTWCDVFCGSRGRVIELGCTATCPTVKPHEQITCCSTDNCNPHPKMKQR
class2b,01380|α-EPTX-Ast2a,LSCYLGYKHSQTCPPGENVCFVKTWCDGFCNTRGERIIMGCAATCPTAKSGVHIACCSTDNCNIYAKWGS
class2b,18000262|α-EPTX-lh2a,LSCYLGYKRSQTCPPGEKVCFVKSWCDAFCGSRGKRIEMGCAATCPTVKDGIDITCCATDNCNTYANWGSG
class2b,128937|α-EPTX-Ast2b,LSCYLGYKHSQTCPPGENVCFVKTWCDAFCSTRGERIVMGCAATCPTAKSGVHIACCSTDNCNIYTKWGSGR
class2b,18000260|HydhaLNTX1,RTCFRTPYKPETCPPGQNLCYKKSWCDAFCSSRGKVIELGCTAKCPTVKDGKDITCCATDNCNTVANWKSR
class2b,125744596|HydhaLNTX2,RTCYRTHPYKPETCPPGQNLCYKKSWCDAFCSSRGKVIELGCTAKCPTVKHGKDINCCATDNCNTVANWKSR
class2b,464289|AcaantAcanthophin-D,VICYRKYTNNVKTCPDGENVCYTKMWCDGFCTSRGKVVELGCAATCPIRKPGNEVKCCSTNKCNHPPKRKKRRP
class2c,118151701|OxmLNTX-1,RRCFITPDVRSERCPPGQEVCYTKTWCDGFCGSRGKRVDLGCAATCPTPKKKDIKIICCSKDNCNTFPKWP
class2c,118151703|OxmLNTX-2,RRCFITPDVRSERCPPGQEVCYTKTWCDGFCSSRGKRVDLGCAATCPTPKKKGIDIICCSKDNCNTFPKWP
class2c,156485583|3FTx-Oxy1,RRCFITPDVRSERCPPGQEVCYTKTWCDGFCGSRGKRVDLGCAATCPTPKKKGIDIICCSKDNCNTFPKWP
class2c,128953|Pseudonajatoxinb,RTCFITPDVKSKPCPPGQEVCYTETWCDGFCGIRGKRVELGCAATCPTPKKTGIDIQCCSTDDCNTFPLRP
class2c,2645540|NsLNTX,IRCFITPDVTSTDCPNGHVCYTKTWCDGFCSSRGRRVELGCAATCPTVKPGVDIQCCSTDNCNPFPTRP
class2c,29465644|NajspuLNTX7,IRCFITPDVTSTDCPNGHVCYTKTWCDGFCSSRGRRVELGCAATCPTVKPGVDIQCCSTDNCNPFPTRP
class2c,51105374|OphhaLNTX-OH-56,TKCYVTPDVTSQTCPDGQNICYTETWCDAWCGSRGKRVNLGCAATCPKVNPGVDIICCSTDNCNPFPKRS
class2c,51105382|OphhaLNTX-OH-34,TKCYITPDVKSETCPDGENICYTKTWCDVWCGSRGRRVDLGCAATCPIVKPGVNINCCSTDNCNPFPKRS
class2c,161138402|AuslabLNTX,FSCYKTPGVKSEPCAPGENLCYTKTWCDAFCGDRGKRVEMGCAATCPTVKPGVDITCCSTDNCNPFPTHNSR
class2c,117606603|OphhaLNTX2hom,TKCYVTPDATSQTCPDGENICYTKSWCDVFCSSRGKRIDLGCAATCPKVKPGVDIKCCSTDNCNPFTPWKRH
class2c,82570078|OphhaLNTX22,TKCYVTPDVKSETCPDGENICYTKSWCEVFCTSRGKRIDLGRAATCPKVKPGVDIKCCSTDNCNPFTPWKRH
class2c,51105380|OphhaLNTX-OH-17,TKCYITPDVKSETCPDGENICYTKSWCDVFCTSRGKRIDLGCAATCPKVKPGVDIKCCSTDNCNPFTPWKRH
class2c,51105372|OphhaLNTX-OH-55,TKCYVTPDVKSETCPAGQDICYTETWCDAWCTSRGKRVNLGCAATCPIVKPGVEIKCCSTDNCNPFPTRKRP
class2c,128930|NajkaoNK2a,IRCFITPDITSKDCPNGHVCYTKTWCDAFCSIRGKRVDLGCAATCPTVKTGVDIQCCSTDNCNPFPTRKRP
class2c,128947|NajnajLNTX3,IRCFITPDITSKDCPNGHVCYTKTWCDAFCSIRGKRVDLGCAATCPTVKTGVDIQCCSTDDCDPFPTRKRP
class2c,128950|NajnajLNTX4,IRCFITPDITSKDCPNGHVCYTKTWCDGFCRIRGERVDLGCAATCPTVKTGVDIQCCSTDDCDPFPTRKRP
class2c,128952|NajnajLNTX5,IRCFITPDITSKDCPNGHVCYTKTWCDGFCSRRGERVDLGCAATCPTVKTGVDIQCCSTDDCDPFPTRKRP
class2c,128932|NajnajLNTX1,IRCFITPDITSKDCPNGHVCYTKTWCDGFCSIRGKRVDLGCAATCPTVRTGVDIQCCSTDDCDPFPTRKRP
class2c,128943|NajnajLNTX2,IRCFITPDITSKDCPNGHVCYTKTWCDGFCSSRGKRVDLGCAATCPTVRTGVDIQCCSTDDCDPFPTRKRP
class2c,52001477|NajannannLNTX1,IRCFITPRVSSQACPDGHVCYTKTWCDNFCGINGKRVDLGCAATCPTVKPGVDIKCCSTDNCNPFPTRKRP
class2c,128942|NajmelLNTX2,IRCFITPDVTSQICADGHVCYTKTWCDNFCASRGKRVDLGCAATCPTVKPGVNIKCCSTDNCNPFPTRNRP
class2c,128929|NajhajhajLNTX1,IRCFITPDVTSQACPDGHVCYTKMWCDNFCGMRGKRVDLGCAATCPTVKPGVDIKCCSTDNCNPFPTRKRS
class2c,128933|NajnivLNTX1,IRCFITPDVTSQACPDGHVCYTKMWCDNFCGMRGKRVDLGCAATCPKVKPGVNIKCCSRDNCNPFPTRKRS
class2c,128928|NajancLNTX1,IRCFITPDVTSQACPDGQNICYTKTWCDNFCGMRGKRVDLGCAATCPTVKPGVDIKCCSTDNCNPFPTRERSP
class2c,01397|α-EPTX-Dpp2c,RTCNKTPSDQSKICPPGENICYTKTWCDAWCSQRGKIVELGCAATCPKVKAGVEIKCCSTDNCNKFKFGKPRP
class2c,25667|α-EPTX-Dpp2b,RTCNKTFSDQSKICPPGENICYTKTWCDAWCSRRGKIVELGCAATCPKVKAGVGIKCCSTDNCNLFKFGKPRP
class2c,01396|α-EPTX-Dpp2a,RTCNKTFSDQSKICPPGENICYTKTWCDAWCSQRGKRVELGCAATCPKVKAGVEIKCCSTDDCDKFQFGKPRC0HJD
class2c,7|α-EPTX-Dpp2d,RTCNKTFSDQSKICPPGENICYTKTWCDAFCSQRGKRVELGCAATCPKVKAGVEIKCCSTDNCNKFQFGKPR*P
class2c,01393|α-EPTX-Djk2a,RTCYKTYSDKSKTCPRGEDICYTKTWCDGFCSQRGKRVELGCAATCPKVKTGVEIKCCSTDYCNPFPVWNPRP
class2c,01394|α-EPTX-Dv2b,RTCYKTPSVKPETCPHGENICYTETWCDAWCSQRGKREELGCAATCPKVKAGVGIKCCSTDNCDPFPVKNPRP
class2c,01395|α-EPTX-Dv2a,RTCYKTPSVKPETCPHGENICYTETWCDAWCSQRGKRVELGCAATCPKVKAGVGIKCCSTDNCNPFPVWNPRG
class2c,128944|OphhaLNTX2,TKCYVTPDATSQTCPDGQDICYTKTWCDGFCSSRGKRIDLGCAATCPKVKPGVDIKCCSTDNCNPFPTWKRKH
class2c,128936|OphhaLNTX1,TKCYVTPDVKSETCPAGQDICYTETWCDAWCTSRGKRVDLGCAATCPIVKPGVEIKCCSTDNCNPFPTWRKRP
class2c,118151693|NsLNTX-1,LICYMGPKTPRTCPRGQNLCYTKTWCDAFCSSRGKVVELGCAATCPIAKSYEDVTCCSTDNCNPFPVRPRPHP
class2c,476538184|Acw3FTx-Aca-27,VICYLGYNNPQTCPPGENVCFTRTWCDAFCSSRGKVVELGCAATCPIPKSYQDVKCCSTDKCNPFPVRPRRRP
class2c,476538182|Acw3FTx-Aca-30,VICYLGYNNPQTCPPGENVCFTRTWCDSFCSSRGKVVELGCAATCPIPKSYQDVKCCSTDKCNPFPVRPRRRP
class2c,128920|AcaantLNTX1,VICYRGYNNPQTCPPGENVCFTRTWCDAFCSSRGKVVELGCAATCPIVKSYNEVKCCSTDKCNPFPVRPRRPP
class2c,161138370|AuslabLNTX,LICYMGPKTPRTCPPGQNLCYTKTWCDGFCGSRGKVVVLGCAATCPTVKPGVDITCCATDKCNPFPKTKAPW
class2d,254772671|Aussupα-EPTX-As2a,LICYVDSKTSRTCPPGENVCFTETWCDARCSLLGKRVDLGCAATCPTAKPGVDITCCSTDKCNPFPTQKHR
class2d,476538176|AcW3FTx-Aca-55,VICYLGYNYAQPCPPGENVCFTKTWCDGRCPQLGKRVEMGCAATCPKVKRGVDIKCCSTDKCNPFPLSPRGKP
class2d,476538170|Acw3FTx-Aca-84,VICYLGYNYAQPCPPGENVCFTKTWCDGRCPQLGKRVEMGCAATCPKVKRGVDIKCCSTDKCNPFPLSPRGKP
class2d,476538168|Acw3FTx-Aca-85,VICYLGYNYAQPCPPGENVCFTKTWCDGRCPQLGKRVEMGCAATCPKVKRGVDIKCCSTDKCNPFPLSPR
class3a,476538174|AcW3FTx-Aca-57,VICYLGYNNPQTCPPGENVCFTKTWCDARCSQLGKRVEMGCAATCPKVKPGVDIKCCSTDKCNPFPKTTPPWERPRGKP
class3a,476538172|AcW3FTx-Aca-62,VICYLGYNYAQTCPPGENVCFTKTWCDARCGLLGKRVEMGCAATCPKVKPGVDIKCCETDKCNPFPKTTPPWERPR
class3b,5230713|Pseudonajatoxinbhom,RTCFITPDVKSKPCPPGQEVCYTKTWCDGFCGIRGKRVDLGCAATCPTPKKTGIDIICCSTDDCNTFPLRPRGRLSSIKDHP
class3b,630870218|MicikaLNTX,RICLSTPDVKSKTCPPGENLCYTKTWCDAWCGSRGKVVELGCAATCPIPKHYEDVICCSTDNCNPFPTRPRRVLLSSIMDHP
class3b,630870197|MicikaLNTX,RICLSTPDVKSKTCPPGENLCYTKTWCDAFCGSRGKVVELGCAATCPIPKHYEDVICCSTDNCNPFPTQRRPRVLLSSIMDHP
class3b,630870237|MicikaLNTX,RICLSTPDVKSKTCPPGENLCYTKTWCDAWCGSRGKVVELGCAATCPIAKPGVDVTCCSTDKCNPFPTPSRPRMLLSSIM
class3c,586908191|DrycnLNTX-13**,RKCYKTHPYKSEPCASGENLCYTKTWCDFRCSQLGKAVELGCAATCPTTKPYEEVTCCSTDDCNRFPNWERPRPRPRGLLSSIMDHP
class3c,476539402|3FTx-Psm-105,RTCFKTPDVRSEPCPPGEDLCYTKSWCGELCYSRRNRVDLGCAATCPTPENTGIEIICCSTDNCNPFPKWEHPKPRSRGRLSSIKDHP
class3c,238928314|DrycnLNTX-173,RKCYKTHPYKSEPWASGENLCYTKTWCDFRCSQLGKAVELGCAATCPTTKPYEEVTCCSTDDCNRFPNWERPRPRPRGLLSSIIDHP
class3c,238928320|DrycnLNTX-346,RKCYKTHPYKSEPCASGENLCYTKTWCDFRCSRLGKAVELGCAATCPTTKPYEEVTCCSTDDCNRFPNWERPRPRPRGLLSSITDHP
class3c,161138372|AuslabLNTX,LRCYMGPKTPRTCPPGENLCFTKTWCDPRCSLLGKLVKLGCAATCPIPKSYEDVTCCSTDNCNRFPKWERSRPRPRGLLSSIMDHP
class3c,238928340|DrycnLNTX-146R,RKCYKTHPYKSEPCASGENLCYTKTWCDFRCSQLGKAVELGCAATCSTTKPYEEVTCCSTDDCNRFPNWERPRPRPRGLLSSIMDHP
class3c,238928316|DrycnLNTX-43,RKCYKTHPYKSEPCAPGENLCYTKTWCDFRCSQLGKAVELGCAATCPTTKPYEEVTCCSTDDCNRFPNWERPRPRPRGLLSSIM
